{"label_format": [1, 1], "training": [{"image": "kjr-21-e24-p5-31.png", "label": [0, 1]}, {"image": "kjr-21-e24-p5-31.png", "label": [0, 1]}, {"image": "kjr-21-e24-p5-31.png", "label": [0, 1]}, {"image": "kjr-21-e24-p5-31.png", "label": [0, 1]}, {"image": "kjr-21-e24-p5-31.png", "label": [0, 1]}, {"image": "kjr-21-e24-p5-31.png", "label": [0, 1]}, {"image": "kjr-21-e24-p5-31.png", "label": [0, 1]}, {"image": "kjr-21-e24-p5-31.png", "label": [0, 1]}, {"image": "kjr-21-e24-p5-31.png", "label": [0, 1]}, {"image": "kjr-21-e24-p5-31.png", "label": [0, 1]}, {"image": "kjr-21-e24-p5-31.png", "label": [0, 1]}, {"image": "kjr-21-e24-p5-31.png", "label": [0, 1]}, {"image": "kjr-21-e24-p5-31.png", "label": [0, 1]}, {"image": "kjr-21-e24-p5-31.png", "label": [0, 1]}, {"image": "kjr-21-e24-p5-31.png", "label": [0, 1]}, {"image": "kjr-21-e24-p5-31.png", "label": [0, 1]}, {"image": "kjr-21-e24-p5-31.png", "label": [0, 1]}, {"image": "kjr-21-e24-p5-31.png", "label": [0, 1]}, {"image": "kjr-21-e24-p5-31.png", "label": [0, 1]}, {"image": "kjr-21-e24-p5-31.png", "label": [0, 1]}, {"image": "kjr-21-e24-p5-31.png", "label": [0, 1]}, {"image": "kjr-21-e24-p5-31.png", "label": [0, 1]}, {"image": "kjr-21-e24-p5-31.png", "label": [0, 1]}, {"image": "kjr-21-e24-p5-31.png", "label": [0, 1]}, {"image": "kjr-21-e24-p5-31.png", "label": [0, 1]}, {"image": "kjr-21-e24-p5-31.png", "label": [0, 1]}, {"image": "kjr-21-e24-p5-31.png", "label": [0, 1]}, {"image": "kjr-21-e24-p5-31.png", "label": [0, 1]}, {"image": "kjr-21-e24-p5-31.png", "label": [0, 1]}, {"image": "kjr-21-e24-p5-31.png", "label": [0, 1]}, {"image": "kjr-21-e24-p5-31.png", "label": [0, 1]}, {"image": "kjr-21-e24-p5-31.png", "label": [0, 1]}, {"image": "kjr-21-e24-p5-31.png", "label": [0, 1]}, {"image": "kjr-21-e24-p5-31.png", "label": [0, 1]}, {"image": "kjr-21-e24-p5-31.png", "label": [0, 1]}, {"image": "kjr-21-e24-p5-31.png", "label": [0, 1]}, {"image": "kjr-21-e24-p5-31.png", "label": [0, 1]}, {"image": "kjr-21-e24-p5-31.png", "label": [0, 1]}, {"image": "kjr-21-e24-p5-31.png", "label": [0, 1]}, {"image": "kjr-21-e24-p5-31.png", "label": [0, 1]}, {"image": "kjr-21-e24-p5-31.png", "label": [0, 1]}, {"image": "kjr-21-e24-p5-31.png", "label": [0, 1]}, {"image": "kjr-21-e24-p5-31.png", "label": [0, 1]}, {"image": "kjr-21-e24-p5-31.png", "label": [0, 1]}, {"image": "kjr-21-e24-p5-31.png", "label": [0, 1]}, {"image": "kjr-21-e24-p5-31.png", "label": [0, 1]}, {"image": "kjr-21-e24-p5-31.png", "label": [0, 1]}, {"image": "kjr-21-e24-p5-31.png", "label": [0, 1]}, {"image": "kjr-21-e24-p5-31.png", "label": [0, 1]}, {"image": "kjr-21-e24-p5-31.png", "label": [0, 1]}, {"image": "kjr-21-e24-p5-31.png", "label": [0, 1]}, {"image": "kjr-21-e24-p5-31.png", "label": [0, 1]}, {"image": "kjr-21-e24-p5-31.png", "label": [0, 1]}, {"image": "kjr-21-e24-p5-31.png", "label": [0, 1]}, {"image": "kjr-21-e24-p5-31.png", "label": [0, 1]}, {"image": "kjr-21-e24-p5-31.png", "label": [0, 1]}, {"image": "kjr-21-e24-p5-31.png", "label": [0, 1]}, {"image": "kjr-21-e24-p5-31.png", "label": [0, 1]}, {"image": "kjr-21-e24-p5-31.png", "label": [0, 1]}, {"image": "kjr-21-e24-p5-31.png", "label": [0, 1]}, {"image": "kjr-21-e24-p5-31.png", "label": [0, 1]}, {"image": "kjr-21-e24-p5-31.png", "label": [0, 1]}, {"image": "kjr-21-e24-p5-31.png", "label": [0, 1]}, {"image": "kjr-21-e24-p5-31.png", "label": [0, 1]}, {"image": "kjr-21-e24-p5-31.png", "label": [0, 1]}, {"image": "kjr-21-e24-p5-31.png", "label": [0, 1]}, {"image": "kjr-21-e24-p5-31.png", "label": [0, 1]}, {"image": "kjr-21-e24-p5-31.png", "label": [0, 1]}, {"image": "kjr-21-e24-p5-31.png", "label": [0, 1]}, {"image": "kjr-21-e24-p5-31.png", "label": [0, 1]}, {"image": "kjr-21-e24-p5-31.png", "label": [0, 1]}, {"image": "kjr-21-e24-p5-31.png", "label": [0, 1]}, {"image": "kjr-21-e24-p5-31.png", "label": [0, 1]}, {"image": "kjr-21-e24-p5-31.png", "label": [0, 1]}, {"image": "kjr-21-e24-p5-31.png", "label": [0, 1]}, {"image": "kjr-21-e24-p5-31.png", "label": [0, 1]}, {"image": "kjr-21-e24-p5-31.png", "label": [0, 1]}, {"image": "kjr-21-e24-p5-31.png", "label": [0, 1]}, {"image": "kjr-21-e24-p5-31.png", "label": [0, 1]}, {"image": "kjr-21-e24-p5-31.png", "label": [0, 1]}, {"image": "kjr-21-e24-p5-31.png", "label": [0, 1]}, {"image": "kjr-21-e24-p5-31.png", "label": [0, 1]}, {"image": "kjr-21-e24-p5-31.png", "label": [0, 1]}, {"image": "kjr-21-e24-p5-31.png", "label": [0, 1]}, {"image": "kjr-21-e24-p5-31.png", "label": [0, 1]}, {"image": "kjr-21-e24-p5-31.png", "label": [0, 1]}, {"image": "kjr-21-e24-p5-31.png", "label": [0, 1]}, {"image": "kjr-21-e24-p5-31.png", "label": [0, 1]}, {"image": "kjr-21-e24-p5-31.png", "label": [0, 1]}, {"image": "kjr-21-e24-p5-31.png", "label": [0, 1]}, {"image": "kjr-21-e24-p5-31.png", "label": [0, 1]}, {"image": "kjr-21-e24-p5-31.png", "label": [0, 1]}, {"image": "kjr-21-e24-p5-31.png", "label": [0, 1]}, {"image": "kjr-21-e24-p5-31.png", "label": [0, 1]}, {"image": "kjr-21-e24-p5-31.png", "label": [0, 1]}, {"image": "kjr-21-e24-p5-31.png", "label": [0, 1]}, {"image": "kjr-21-e24-p5-31.png", "label": [0, 1]}, {"image": "kjr-21-e24-p5-31.png", "label": [0, 1]}, {"image": "kjr-21-e24-p5-31.png", "label": [0, 1]}, {"image": "kjr-21-e24-p5-31.png", "label": [0, 1]}, {"image": "kjr-21-e24-p5-31.png", "label": [0, 1]}, {"image": "kjr-21-e24-p5-31.png", "label": [0, 1]}, {"image": "kjr-21-e24-p5-31.png", "label": [0, 1]}, {"image": "kjr-21-e24-p5-31.png", "label": [0, 1]}, {"image": "kjr-21-e24-p5-31.png", "label": [0, 1]}, {"image": "kjr-21-e24-p5-31.png", "label": [0, 1]}, {"image": "kjr-21-e24-p5-31.png", "label": [0, 1]}, {"image": "kjr-21-e24-p5-31.png", "label": [0, 1]}, {"image": "kjr-21-e24-p5-31.png", "label": [0, 1]}, {"image": "kjr-21-e24-p5-31.png", "label": [0, 1]}, {"image": "kjr-21-e24-p5-31.png", "label": [0, 1]}, {"image": "kjr-21-e24-p5-31.png", "label": [0, 1]}, {"image": "kjr-21-e24-p5-31.png", "label": [0, 1]}, {"image": "kjr-21-e24-p5-31.png", "label": [0, 1]}, {"image": "kjr-21-e24-p5-31.png", "label": [0, 1]}, {"image": "kjr-21-e24-p5-31.png", "label": [0, 1]}, {"image": "kjr-21-e24-p5-31.png", "label": [0, 1]}, {"image": "kjr-21-e24-p5-31.png", "label": [0, 1]}, {"image": "kjr-21-e24-p5-31.png", "label": [0, 1]}, {"image": "kjr-21-e24-p5-31.png", "label": [0, 1]}, {"image": "kjr-21-e24-p5-31.png", "label": [0, 1]}, {"image": "kjr-21-e24-p5-31.png", "label": [0, 1]}, {"image": "kjr-21-e24-p5-31.png", "label": [0, 1]}, {"image": "kjr-21-e24-p5-31.png", "label": [0, 1]}, {"image": "kjr-21-e24-p5-31.png", "label": [0, 1]}, {"image": "kjr-21-e24-p5-31.png", "label": [0, 1]}, {"image": "kjr-21-e24-p5-31.png", "label": [0, 1]}, {"image": "kjr-21-e24-p5-31.png", "label": [0, 1]}, {"image": "kjr-21-e24-p5-31.png", "label": [0, 1]}, {"image": "kjr-21-e24-p5-31.png", "label": [0, 1]}, {"image": "kjr-21-e24-p5-31.png", "label": [0, 1]}, {"image": "kjr-21-e24-p5-31.png", "label": [0, 1]}, {"image": "kjr-21-e24-p5-31.png", "label": [0, 1]}, {"image": "kjr-21-e24-p5-31.png", "label": [0, 1]}, {"image": "kjr-21-e24-p5-31.png", "label": [0, 1]}, {"image": "kjr-21-e24-p5-31.png", "label": [0, 1]}, {"image": "kjr-21-e24-p5-31.png", "label": [0, 1]}, {"image": "kjr-21-e24-p5-31.png", "label": [0, 1]}, {"image": "kjr-21-e24-p5-31.png", "label": [0, 1]}, {"image": "kjr-21-e24-p5-31.png", "label": [0, 1]}, {"image": "kjr-21-e24-p5-31.png", "label": [0, 1]}, {"image": "kjr-21-e24-p5-31.png", "label": [0, 1]}, {"image": "kjr-21-e24-p5-31.png", "label": [0, 1]}, {"image": "kjr-21-e24-p5-31.png", "label": [0, 1]}, {"image": "kjr-21-e24-p5-31.png", "label": [0, 1]}, {"image": "kjr-21-e24-p5-31.png", "label": [0, 1]}, {"image": "kjr-21-e24-p5-31.png", "label": [0, 1]}, {"image": "kjr-21-e24-p5-31.png", "label": [0, 1]}, {"image": "kjr-21-e24-p5-31.png", "label": [0, 1]}, {"image": "kjr-21-e24-p5-31.png", "label": [0, 1]}, {"image": "kjr-21-e24-p5-31.png", "label": [0, 1]}, {"image": "kjr-21-e24-p5-31.png", "label": [0, 1]}, {"image": "kjr-21-e24-p5-31.png", "label": [0, 1]}, {"image": "kjr-21-e24-p5-31.png", "label": [0, 1]}, {"image": "kjr-21-e24-p5-31.png", "label": [0, 1]}, {"image": "kjr-21-e24-p5-31.png", "label": [0, 1]}, {"image": "kjr-21-e24-p5-31.png", "label": [0, 1]}, {"image": "kjr-21-e24-p5-31.png", "label": [0, 1]}, {"image": "kjr-21-e24-p5-31.png", "label": [0, 1]}, {"image": "kjr-21-e24-p5-31.png", "label": [0, 1]}, {"image": "kjr-21-e24-p5-31.png", "label": [0, 1]}, {"image": "kjr-21-e24-p5-31.png", "label": [0, 1]}, {"image": "kjr-21-e24-p5-31.png", "label": [0, 1]}, {"image": "kjr-21-e24-p5-31.png", "label": [0, 1]}, {"image": "kjr-21-e24-p5-31.png", "label": [0, 1]}, {"image": "kjr-21-e24-p5-31.png", "label": [0, 1]}, {"image": "kjr-21-e24-p5-31.png", "label": [0, 1]}, {"image": "kjr-21-e24-p5-31.png", "label": [0, 1]}, {"image": "kjr-21-e24-p5-31.png", "label": [0, 1]}, {"image": "kjr-21-e24-p5-31.png", "label": [0, 1]}, {"image": "kjr-21-e24-p5-31.png", "label": [0, 1]}, {"image": "kjr-21-e24-p5-31.png", "label": [0, 1]}, {"image": "kjr-21-e24-p5-31.png", "label": [0, 1]}, {"image": "kjr-21-e24-p5-31.png", "label": [0, 1]}, {"image": "kjr-21-e24-p5-31.png", "label": [0, 1]}, {"image": "kjr-21-e24-p5-31.png", "label": [0, 1]}, {"image": "kjr-21-e24-p5-31.png", "label": [0, 1]}, {"image": "kjr-21-e24-p5-31.png", "label": [0, 1]}, {"image": "kjr-21-e24-p5-31.png", "label": [0, 1]}, {"image": "kjr-21-e24-p5-31.png", "label": [0, 1]}, {"image": "kjr-21-e24-p5-31.png", "label": [0, 1]}, {"image": "kjr-21-e24-p5-31.png", "label": [0, 1]}, {"image": "kjr-21-e24-p5-31.png", "label": [0, 1]}, {"image": "kjr-21-e24-p5-31.png", "label": [0, 1]}, {"image": "kjr-21-e24-p5-31.png", "label": [0, 1]}, {"image": "kjr-21-e24-p5-31.png", "label": [0, 1]}, {"image": "kjr-21-e24-p5-31.png", "label": [0, 1]}, {"image": "kjr-21-e24-p5-31.png", "label": [0, 1]}, {"image": "kjr-21-e24-p5-31.png", "label": [0, 1]}, {"image": "kjr-21-e24-p5-31.png", "label": [0, 1]}, {"image": "kjr-21-e24-p5-31.png", "label": [0, 1]}, {"image": "kjr-21-e24-p5-31.png", "label": [0, 1]}, {"image": "kjr-21-e24-p5-31.png", "label": [0, 1]}, {"image": "kjr-21-e24-p5-31.png", "label": [0, 1]}, {"image": "kjr-21-e24-p5-31.png", "label": [0, 1]}, {"image": "kjr-21-e24-p5-31.png", "label": [0, 1]}, {"image": "kjr-21-e24-p5-31.png", "label": [0, 1]}, {"image": "kjr-21-e24-p5-31.png", "label": [0, 1]}, {"image": "kjr-21-e24-p5-31.png", "label": [0, 1]}, {"image": "kjr-21-e24-p5-31.png", "label": [0, 1]}, {"image": "kjr-21-e24-p5-31.png", "label": [0, 1]}, {"image": "kjr-21-e24-p5-31.png", "label": [0, 1]}, {"image": "kjr-21-e24-p5-31.png", "label": [0, 1]}, {"image": "kjr-21-e24-p5-31.png", "label": [0, 1]}, {"image": "kjr-21-e24-p5-31.png", "label": [0, 1]}, {"image": "kjr-21-e24-p5-31.png", "label": [0, 1]}, {"image": "kjr-21-e24-p5-31.png", "label": [0, 1]}, {"image": "kjr-21-e24-p5-31.png", "label": [0, 1]}, {"image": "kjr-21-e24-p5-31.png", "label": [0, 1]}, {"image": "kjr-21-e24-p5-31.png", "label": [0, 1]}, {"image": "kjr-21-e24-p5-31.png", "label": [0, 1]}, {"image": "kjr-21-e24-p5-31.png", "label": [0, 1]}, {"image": "kjr-21-e24-p5-31.png", "label": [0, 1]}, {"image": "kjr-21-e24-p5-31.png", "label": [0, 1]}, {"image": "kjr-21-e24-p5-31.png", "label": [0, 1]}, {"image": "kjr-21-e24-p5-31.png", "label": [0, 1]}, {"image": "kjr-21-e24-p5-31.png", "label": [0, 1]}, {"image": "kjr-21-e24-p5-31.png", "label": [0, 1]}, {"image": "kjr-21-e24-p5-31.png", "label": [0, 1]}, {"image": "kjr-21-e24-p5-31.png", "label": [0, 1]}, {"image": "kjr-21-e24-p5-31.png", "label": [0, 1]}, {"image": "kjr-21-e24-p5-31.png", "label": [0, 1]}, {"image": "kjr-21-e24-p5-31.png", "label": [0, 1]}, {"image": "kjr-21-e24-p5-31.png", "label": [0, 1]}, {"image": "kjr-21-e24-p5-31.png", "label": [0, 1]}, {"image": "kjr-21-e24-p5-31.png", "label": [0, 1]}, {"image": "kjr-21-e24-p5-31.png", "label": [0, 1]}, {"image": "kjr-21-e24-p5-31.png", "label": [0, 1]}, {"image": "kjr-21-e24-p5-31.png", "label": [0, 1]}, {"image": "kjr-21-e24-p5-31.png", "label": [0, 1]}, {"image": "kjr-21-e24-p5-31.png", "label": [0, 1]}, {"image": "kjr-21-e24-p5-31.png", "label": [0, 1]}, {"image": "kjr-21-e24-p5-31.png", "label": [0, 1]}, {"image": "kjr-21-e24-p5-31.png", "label": [0, 1]}, {"image": "kjr-21-e24-p5-31.png", "label": [0, 1]}, {"image": "kjr-21-e24-p5-31.png", "label": [0, 1]}, {"image": "kjr-21-e24-p5-31.png", "label": [0, 1]}, {"image": "kjr-21-e24-p5-31.png", "label": [0, 1]}, {"image": "kjr-21-e24-p5-31.png", "label": [0, 1]}, {"image": "kjr-21-e24-p5-31.png", "label": [0, 1]}, {"image": "kjr-21-e24-p5-31.png", "label": [0, 1]}, {"image": "kjr-21-e24-p5-31.png", "label": [0, 1]}, {"image": "kjr-21-e24-p5-31.png", "label": [0, 1]}, {"image": "kjr-21-e24-p5-31.png", "label": [0, 1]}, {"image": "kjr-21-e24-p5-31.png", "label": [0, 1]}, {"image": "kjr-21-e24-p5-31.png", "label": [0, 1]}, {"image": "kjr-21-e24-p5-31.png", "label": [0, 1]}, {"image": "kjr-21-e24-p5-31.png", "label": [0, 1]}, {"image": "kjr-21-e24-p5-31.png", "label": [0, 1]}, {"image": "kjr-21-e24-p5-31.png", "label": [0, 1]}, {"image": "kjr-21-e24-p5-31.png", "label": [0, 1]}, {"image": "kjr-21-e24-p5-31.png", "label": [0, 1]}, {"image": "kjr-21-e24-p5-31.png", "label": [0, 1]}, {"image": "kjr-21-e24-p5-31.png", "label": [0, 1]}, {"image": "kjr-21-e24-p5-31.png", "label": [0, 1]}, {"image": "kjr-21-e24-p5-31.png", "label": [0, 1]}, {"image": "kjr-21-e24-p5-31.png", "label": [0, 1]}, {"image": "kjr-21-e24-p5-31.png", "label": [0, 1]}, {"image": "kjr-21-e24-p5-31.png", "label": [0, 1]}, {"image": "kjr-21-e24-p5-31.png", "label": [0, 1]}, {"image": "kjr-21-e24-p5-31.png", "label": [0, 1]}, {"image": "kjr-21-e24-p5-31.png", "label": [0, 1]}, {"image": "kjr-21-e24-p5-31.png", "label": [0, 1]}, {"image": "kjr-21-e24-p5-31.png", "label": [0, 1]}, {"image": "kjr-21-e24-p5-31.png", "label": [0, 1]}, {"image": "kjr-21-e24-p5-31.png", "label": [0, 1]}, {"image": "kjr-21-e24-p5-31.png", "label": [0, 1]}, {"image": "kjr-21-e24-p5-31.png", "label": [0, 1]}, {"image": "kjr-21-e24-p5-31.png", "label": [0, 1]}, {"image": "kjr-21-e24-p5-31.png", "label": [0, 1]}, {"image": "kjr-21-e24-p5-31.png", "label": [0, 1]}, {"image": "kjr-21-e24-p5-31.png", "label": [0, 1]}, {"image": "kjr-21-e24-p5-31.png", "label": [0, 1]}, {"image": "kjr-21-e24-p5-31.png", "label": [0, 1]}, {"image": "kjr-21-e24-p5-31.png", "label": [0, 1]}, {"image": "kjr-21-e24-p5-31.png", "label": [0, 1]}, {"image": "kjr-21-e24-p5-31.png", "label": [0, 1]}, {"image": "kjr-21-e24-p5-31.png", "label": [0, 1]}, {"image": "kjr-21-e24-p5-31.png", "label": [0, 1]}, {"image": "kjr-21-e24-p5-31.png", "label": [0, 1]}, {"image": "kjr-21-e24-p5-31.png", "label": [0, 1]}, {"image": "kjr-21-e24-p5-31.png", "label": [0, 1]}, {"image": "kjr-21-e24-p5-31.png", "label": [0, 1]}, {"image": "kjr-21-e24-p5-31.png", "label": [0, 1]}, {"image": "kjr-21-e24-p5-31.png", "label": [0, 1]}, {"image": "kjr-21-e24-p5-31.png", "label": [0, 1]}, {"image": "kjr-21-e24-p5-31.png", "label": [0, 1]}, {"image": "kjr-21-e24-p5-31.png", "label": [0, 1]}, {"image": "kjr-21-e24-p5-31.png", "label": [0, 1]}, {"image": "kjr-21-e24-p5-31.png", "label": [0, 1]}, {"image": "kjr-21-e24-p5-31.png", "label": [0, 1]}, {"image": "kjr-21-e24-p5-31.png", "label": [0, 1]}, {"image": "kjr-21-e24-p5-31.png", "label": [0, 1]}, {"image": "kjr-21-e24-p5-31.png", "label": [0, 1]}, {"image": "kjr-21-e24-p5-31.png", "label": [0, 1]}, {"image": "kjr-21-e24-p5-31.png", "label": [0, 1]}, {"image": "kjr-21-e24-p5-31.png", "label": [0, 1]}, {"image": "kjr-21-e24-p5-31.png", "label": [0, 1]}, {"image": "kjr-21-e24-p5-31.png", "label": [0, 1]}, {"image": "kjr-21-e24-p5-31.png", "label": [0, 1]}, {"image": "kjr-21-e24-p5-31.png", "label": [0, 1]}, {"image": "kjr-21-e24-p5-31.png", "label": [0, 1]}, {"image": "kjr-21-e24-p5-31.png", "label": [0, 1]}, {"image": "kjr-21-e24-p5-31.png", "label": [0, 1]}, {"image": "kjr-21-e24-p5-31.png", "label": [0, 1]}, {"image": "kjr-21-e24-p5-31.png", "label": [0, 1]}, {"image": "kjr-21-e24-p5-31.png", "label": [0, 1]}, {"image": "kjr-21-e24-p5-31.png", "label": [0, 1]}, {"image": "kjr-21-e24-p5-31.png", "label": [0, 1]}, {"image": "kjr-21-e24-p5-31.png", "label": [0, 1]}, {"image": "kjr-21-e24-p5-31.png", "label": [0, 1]}, {"image": "kjr-21-e24-p5-31.png", "label": [0, 1]}, {"image": "kjr-21-e24-p5-31.png", "label": [0, 1]}, {"image": "kjr-21-e24-p5-31.png", "label": [0, 1]}, {"image": "kjr-21-e24-p5-31.png", "label": [0, 1]}, {"image": "kjr-21-e24-p5-31.png", "label": [0, 1]}, {"image": "kjr-21-e24-p5-31.png", "label": [0, 1]}, {"image": "kjr-21-e24-p5-31.png", "label": [0, 1]}, {"image": "kjr-21-e24-p5-31.png", "label": [0, 1]}, {"image": "kjr-21-e24-p5-31.png", "label": [0, 1]}, {"image": "kjr-21-e24-p5-31.png", "label": [0, 1]}, {"image": "kjr-21-e24-p5-31.png", "label": [0, 1]}, {"image": "kjr-21-e24-p5-31.png", "label": [0, 1]}, {"image": "kjr-21-e24-p5-31.png", "label": [0, 1]}, {"image": "kjr-21-e24-p5-31.png", "label": [0, 1]}, {"image": "kjr-21-e24-p5-31.png", "label": [0, 1]}, {"image": "kjr-21-e24-p5-31.png", "label": [0, 1]}, {"image": "kjr-21-e24-p5-31.png", "label": [0, 1]}, {"image": "kjr-21-e24-p5-31.png", "label": [0, 1]}, {"image": "kjr-21-e24-p5-31.png", "label": [0, 1]}, {"image": "kjr-21-e24-p5-31.png", "label": [0, 1]}, {"image": "kjr-21-e24-p5-31.png", "label": [0, 1]}, {"image": "kjr-21-e24-p5-31.png", "label": [0, 1]}, {"image": "kjr-21-e24-p5-31.png", "label": [0, 1]}, {"image": "kjr-21-e24-p5-31.png", "label": [0, 1]}, {"image": "kjr-21-e24-p5-31.png", "label": [0, 1]}, {"image": "kjr-21-e24-p5-31.png", "label": [0, 1]}, {"image": "kjr-21-e24-p5-31.png", "label": [0, 1]}, {"image": "kjr-21-e24-p5-31.png", "label": [0, 1]}, {"image": "kjr-21-e24-p5-31.png", "label": [0, 1]}, {"image": "kjr-21-e24-p5-31.png", "label": [0, 1]}, {"image": "kjr-21-e24-p5-31.png", "label": [0, 1]}, {"image": "kjr-21-e24-p5-31.png", "label": [0, 1]}, {"image": "kjr-21-e24-p5-31.png", "label": [0, 1]}, {"image": "kjr-21-e24-p5-31.png", "label": [0, 1]}, {"image": "kjr-21-e24-p5-31.png", "label": [0, 1]}, {"image": "kjr-21-e24-p5-31.png", "label": [0, 1]}, {"image": "kjr-21-e24-p5-31.png", "label": [0, 1]}, {"image": "kjr-21-e24-p5-31.png", "label": [0, 1]}, {"image": "kjr-21-e24-p5-31.png", "label": [0, 1]}, {"image": "kjr-21-e24-p5-31.png", "label": [0, 1]}, {"image": "kjr-21-e24-p5-31.png", "label": [0, 1]}, {"image": "kjr-21-e24-p5-31.png", "label": [0, 1]}, {"image": "kjr-21-e24-p5-31.png", "label": [0, 1]}, {"image": "kjr-21-e24-p5-31.png", "label": [0, 1]}, {"image": "kjr-21-e24-p5-31.png", "label": [0, 1]}, {"image": "kjr-21-e24-p5-31.png", "label": [0, 1]}, {"image": "kjr-21-e24-p5-31.png", "label": [0, 1]}, {"image": "kjr-21-e24-p5-31.png", "label": [0, 1]}, {"image": "kjr-21-e24-p5-31.png", "label": [0, 1]}, {"image": "kjr-21-e24-p5-31.png", "label": [0, 1]}, {"image": "kjr-21-e24-p5-31.png", "label": [0, 1]}, {"image": "kjr-21-e24-p5-31.png", "label": [0, 1]}, {"image": "kjr-21-e24-p5-31.png", "label": [0, 1]}, {"image": "kjr-21-e24-p5-31.png", "label": [0, 1]}, {"image": "kjr-21-e24-p5-31.png", "label": [0, 1]}, {"image": "kjr-21-e24-p5-31.png", "label": [0, 1]}, {"image": "kjr-21-e24-p5-31.png", "label": [0, 1]}, {"image": "kjr-21-e24-p5-31.png", "label": [0, 1]}, {"image": "kjr-21-e24-p5-31.png", "label": [0, 1]}, {"image": "kjr-21-e24-p5-31.png", "label": [0, 1]}, {"image": "kjr-21-e24-p5-31.png", "label": [0, 1]}, {"image": "kjr-21-e24-p5-31.png", "label": [0, 1]}, {"image": "kjr-21-e24-p5-31.png", "label": [0, 1]}, {"image": "kjr-21-e24-p5-31.png", "label": [0, 1]}, {"image": "kjr-21-e24-p5-31.png", "label": [0, 1]}, {"image": "kjr-21-e24-p5-31.png", "label": [0, 1]}, {"image": "kjr-21-e24-p5-31.png", "label": [0, 1]}, {"image": "kjr-21-e24-p5-31.png", "label": [0, 1]}, {"image": "kjr-21-e24-p5-31.png", "label": [0, 1]}, {"image": "kjr-21-e24-p5-31.png", "label": [0, 1]}, {"image": "kjr-21-e24-p5-31.png", "label": [0, 1]}, {"image": "kjr-21-e24-p5-31.png", "label": [0, 1]}, {"image": "kjr-21-e24-p5-31.png", "label": [0, 1]}, {"image": "kjr-21-e24-p5-31.png", "label": [0, 1]}, {"image": "kjr-21-e24-p5-31.png", "label": [0, 1]}, {"image": "kjr-21-e24-p5-31.png", "label": [0, 1]}, {"image": "kjr-21-e24-p5-31.png", "label": [0, 1]}, {"image": "kjr-21-e24-p5-31.png", "label": [0, 1]}, {"image": "kjr-21-e24-p5-31.png", "label": [0, 1]}, {"image": "kjr-21-e24-p5-31.png", "label": [0, 1]}, {"image": "kjr-21-e24-p5-31.png", "label": [0, 1]}, {"image": "kjr-21-e24-p5-31.png", "label": [0, 1]}, {"image": "kjr-21-e24-p5-31.png", "label": [0, 1]}, {"image": "kjr-21-e24-p5-31.png", "label": [0, 1]}, {"image": "kjr-21-e24-p5-31.png", "label": [0, 1]}, {"image": "kjr-21-e24-p5-31.png", "label": [0, 1]}, {"image": "kjr-21-e24-p5-31.png", "label": [0, 1]}, {"image": "kjr-21-e24-p5-31.png", "label": [0, 1]}, {"image": "kjr-21-e24-p5-31.png", "label": [0, 1]}, {"image": "kjr-21-e24-p5-31.png", "label": [0, 1]}, {"image": "kjr-21-e24-p5-31.png", "label": [0, 1]}, {"image": "kjr-21-e24-p5-31.png", "label": [0, 1]}, {"image": "kjr-21-e24-p5-31.png", "label": [0, 1]}, {"image": "kjr-21-e24-p5-31.png", "label": [0, 1]}, {"image": "kjr-21-e24-p5-31.png", "label": [0, 1]}, {"image": "kjr-21-e24-p5-31.png", "label": [0, 1]}, {"image": "kjr-21-e24-p5-31.png", "label": [0, 1]}, {"image": "kjr-21-e24-p5-31.png", "label": [0, 1]}, {"image": "kjr-21-e24-p5-31.png", "label": [0, 1]}, {"image": "kjr-21-e24-p5-31.png", "label": [0, 1]}, {"image": "kjr-21-e24-p5-31.png", "label": [0, 1]}, {"image": "kjr-21-e24-p5-31.png", "label": [0, 1]}, {"image": "kjr-21-e24-p5-31.png", "label": [0, 1]}, {"image": "kjr-21-e24-p5-31.png", "label": [0, 1]}, {"image": "kjr-21-e24-p5-31.png", "label": [0, 1]}, {"image": "kjr-21-e24-p5-31.png", "label": [0, 1]}, {"image": "kjr-21-e24-p5-31.png", "label": [0, 1]}, {"image": "kjr-21-e24-p5-31.png", "label": [0, 1]}, {"image": "kjr-21-e24-p5-31.png", "label": [0, 1]}, {"image": "kjr-21-e24-p5-31.png", "label": [0, 1]}, {"image": "kjr-21-e24-p5-31.png", "label": [0, 1]}, {"image": "kjr-21-e24-p5-31.png", "label": [0, 1]}, {"image": "kjr-21-e24-p5-31.png", "label": [0, 1]}, {"image": "kjr-21-e24-p5-31.png", "label": [0, 1]}], "validation": [{"image": "kjr-21-e24-p5-31.png", "label": [0, 1]}, {"image": "kjr-21-e24-p5-31.png", "label": [0, 1]}, {"image": "kjr-21-e24-p5-31.png", "label": [0, 1]}, {"image": "kjr-21-e24-p5-31.png", "label": [0, 1]}, {"image": "kjr-21-e24-p5-31.png", "label": [0, 1]}, {"image": "kjr-21-e24-p5-31.png", "label": [0, 1]}, {"image": "kjr-21-e24-p5-31.png", "label": [0, 1]}, {"image": "kjr-21-e24-p5-31.png", "label": [0, 1]}, {"image": "kjr-21-e24-p5-31.png", "label": [0, 1]}, {"image": "kjr-21-e24-p5-31.png", "label": [0, 1]}, {"image": "kjr-21-e24-p5-31.png", "label": [0, 1]}, {"image": "kjr-21-e24-p5-31.png", "label": [0, 1]}, {"image": "kjr-21-e24-p5-31.png", "label": [0, 1]}, {"image": "kjr-21-e24-p5-31.png", "label": [0, 1]}, {"image": "kjr-21-e24-p5-31.png", "label": [0, 1]}, {"image": "kjr-21-e24-p5-31.png", "label": [0, 1]}, {"image": "kjr-21-e24-p5-31.png", "label": [0, 1]}, {"image": "kjr-21-e24-p5-31.png", "label": [0, 1]}, {"image": "kjr-21-e24-p5-31.png", "label": [0, 1]}, {"image": "kjr-21-e24-p5-31.png", "label": [0, 1]}, {"image": "kjr-21-e24-p5-31.png", "label": [0, 1]}, {"image": "kjr-21-e24-p5-31.png", "label": [0, 1]}, {"image": "kjr-21-e24-p5-31.png", "label": [0, 1]}, {"image": "kjr-21-e24-p5-31.png", "label": [0, 1]}, {"image": "kjr-21-e24-p5-31.png", "label": [0, 1]}, {"image": "kjr-21-e24-p5-31.png", "label": [0, 1]}, {"image": "kjr-21-e24-p5-31.png", "label": [0, 1]}, {"image": "kjr-21-e24-p5-31.png", "label": [0, 1]}, {"image": "kjr-21-e24-p5-31.png", "label": [0, 1]}, {"image": "kjr-21-e24-p5-31.png", "label": [0, 1]}, {"image": "kjr-21-e24-p5-31.png", "label": [0, 1]}, {"image": "kjr-21-e24-p5-31.png", "label": [0, 1]}, {"image": "kjr-21-e24-p5-31.png", "label": [0, 1]}, {"image": "kjr-21-e24-p5-31.png", "label": [0, 1]}, {"image": "kjr-21-e24-p5-31.png", "label": [0, 1]}, {"image": "kjr-21-e24-p5-31.png", "label": [0, 1]}, {"image": "kjr-21-e24-p5-31.png", "label": [0, 1]}, {"image": "kjr-21-e24-p5-31.png", "label": [0, 1]}, {"image": "kjr-21-e24-p5-31.png", "label": [0, 1]}, {"image": "kjr-21-e24-p5-31.png", "label": [0, 1]}, {"image": "kjr-21-e24-p5-31.png", "label": [0, 1]}, {"image": "kjr-21-e24-p5-31.png", "label": [0, 1]}, {"image": "kjr-21-e24-p5-31.png", "label": [0, 1]}, {"image": "kjr-21-e24-p5-31.png", "label": [0, 1]}, {"image": "kjr-21-e24-p5-31.png", "label": [0, 1]}, {"image": "kjr-21-e24-p5-31.png", "label": [0, 1]}, {"image": "kjr-21-e24-p5-31.png", "label": [0, 1]}, {"image": "kjr-21-e24-p5-31.png", "label": [0, 1]}, {"image": "kjr-21-e24-p5-31.png", "label": [0, 1]}, {"image": "kjr-21-e24-p5-31.png", "label": [0, 1]}, {"image": "kjr-21-e24-p5-31.png", "label": [0, 1]}, {"image": "kjr-21-e24-p5-31.png", "label": [0, 1]}, {"image": "kjr-21-e24-p5-31.png", "label": [0, 1]}, {"image": "kjr-21-e24-p5-31.png", "label": [0, 1]}, {"image": "kjr-21-e24-p5-31.png", "label": [0, 1]}, {"image": "kjr-21-e24-p5-31.png", "label": [0, 1]}, {"image": "kjr-21-e24-p5-31.png", "label": [0, 1]}, {"image": "kjr-21-e24-p5-31.png", "label": [0, 1]}, {"image": "kjr-21-e24-p5-31.png", "label": [0, 1]}, {"image": "kjr-21-e24-p5-31.png", "label": [0, 1]}, {"image": "kjr-21-e24-p5-31.png", "label": [0, 1]}, {"image": "kjr-21-e24-p5-31.png", "label": [0, 1]}, {"image": "kjr-21-e24-p5-31.png", "label": [0, 1]}, {"image": "kjr-21-e24-p5-31.png", "label": [0, 1]}, {"image": "kjr-21-e24-p5-31.png", "label": [0, 1]}, {"image": "kjr-21-e24-p5-31.png", "label": [0, 1]}, {"image": "kjr-21-e24-p5-31.png", "label": [0, 1]}, {"image": "kjr-21-e24-p5-31.png", "label": [0, 1]}, {"image": "kjr-21-e24-p5-31.png", "label": [0, 1]}, {"image": "kjr-21-e24-p5-31.png", "label": [0, 1]}, {"image": "kjr-21-e24-p5-31.png", "label": [0, 1]}, {"image": "kjr-21-e24-p5-31.png", "label": [0, 1]}, {"image": "kjr-21-e24-p5-31.png", "label": [0, 1]}, {"image": "kjr-21-e24-p5-31.png", "label": [0, 1]}, {"image": "kjr-21-e24-p5-31.png", "label": [0, 1]}, {"image": "kjr-21-e24-p5-31.png", "label": [0, 1]}, {"image": "kjr-21-e24-p5-31.png", "label": [0, 1]}, {"image": "kjr-21-e24-p5-31.png", "label": [0, 1]}, {"image": "kjr-21-e24-p5-31.png", "label": [0, 1]}, {"image": "kjr-21-e24-p5-31.png", "label": [0, 1]}, {"image": "kjr-21-e24-p5-31.png", "label": [0, 1]}, {"image": "kjr-21-e24-p5-31.png", "label": [0, 1]}, {"image": "kjr-21-e24-p5-31.png", "label": [0, 1]}, {"image": "kjr-21-e24-p5-31.png", "label": [0, 1]}, {"image": "kjr-21-e24-p5-31.png", "label": [0, 1]}, {"image": "kjr-21-e24-p5-31.png", "label": [0, 1]}, {"image": "kjr-21-e24-p5-31.png", "label": [0, 1]}, {"image": "kjr-21-e24-p5-31.png", "label": [0, 1]}, {"image": "kjr-21-e24-p5-31.png", "label": [0, 1]}, {"image": "kjr-21-e24-p5-31.png", "label": [0, 1]}, {"image": "kjr-21-e24-p5-31.png", "label": [0, 1]}, {"image": "kjr-21-e24-p5-31.png", "label": [0, 1]}, {"image": "kjr-21-e24-p5-31.png", "label": [0, 1]}, {"image": "kjr-21-e24-p5-31.png", "label": [0, 1]}, {"image": "kjr-21-e24-p5-31.png", "label": [0, 1]}, {"image": "kjr-21-e24-p5-31.png", "label": [0, 1]}, {"image": "kjr-21-e24-p5-31.png", "label": [0, 1]}, {"image": "kjr-21-e24-p5-31.png", "label": [0, 1]}, {"image": "kjr-21-e24-p5-31.png", "label": [0, 1]}, {"image": "kjr-21-e24-p5-31.png", "label": [0, 1]}, {"image": "kjr-21-e24-p5-31.png", "label": [0, 1]}, {"image": "kjr-21-e24-p5-31.png", "label": [0, 1]}, {"image": "kjr-21-e24-p5-31.png", "label": [0, 1]}, {"image": "kjr-21-e24-p5-31.png", "label": [0, 1]}, {"image": "kjr-21-e24-p5-31.png", "label": [0, 1]}, {"image": "kjr-21-e24-p5-31.png", "label": [0, 1]}, {"image": "kjr-21-e24-p5-31.png", "label": [0, 1]}, {"image": "kjr-21-e24-p5-31.png", "label": [0, 1]}, {"image": "kjr-21-e24-p5-31.png", "label": [0, 1]}, {"image": "kjr-21-e24-p5-31.png", "label": [0, 1]}, {"image": "kjr-21-e24-p5-31.png", "label": [0, 1]}, {"image": "kjr-21-e24-p5-31.png", "label": [0, 1]}, {"image": "kjr-21-e24-p5-31.png", "label": [0, 1]}, {"image": "kjr-21-e24-p5-31.png", "label": [0, 1]}, {"image": "kjr-21-e24-p5-31.png", "label": [0, 1]}, {"image": "kjr-21-e24-p5-31.png", "label": [0, 1]}, {"image": "kjr-21-e24-p5-31.png", "label": [0, 1]}, {"image": "kjr-21-e24-p5-31.png", "label": [0, 1]}], "test": [{"image": "kjr-21-e24-p5-31.png", "label": [0, 1]}, {"image": "kjr-21-e24-p5-31.png", "label": [0, 1]}, {"image": "kjr-21-e24-p5-31.png", "label": [0, 1]}, {"image": "kjr-21-e24-p5-31.png", "label": [0, 1]}, {"image": "kjr-21-e24-p5-31.png", "label": [0, 1]}, {"image": "kjr-21-e24-p5-31.png", "label": [0, 1]}, {"image": "kjr-21-e24-p5-31.png", "label": [0, 1]}, {"image": "kjr-21-e24-p5-31.png", "label": [0, 1]}, {"image": "kjr-21-e24-p5-31.png", "label": [0, 1]}, {"image": "kjr-21-e24-p5-31.png", "label": [0, 1]}, {"image": "kjr-21-e24-p5-31.png", "label": [0, 1]}, {"image": "kjr-21-e24-p5-31.png", "label": [0, 1]}, {"image": "kjr-21-e24-p5-31.png", "label": [0, 1]}, {"image": "kjr-21-e24-p5-31.png", "label": [0, 1]}, {"image": "kjr-21-e24-p5-31.png", "label": [0, 1]}, {"image": "kjr-21-e24-p5-31.png", "label": [0, 1]}, {"image": "kjr-21-e24-p5-31.png", "label": [0, 1]}, {"image": "kjr-21-e24-p5-31.png", "label": [0, 1]}, {"image": "kjr-21-e24-p5-31.png", "label": [0, 1]}, {"image": "kjr-21-e24-p5-31.png", "label": [0, 1]}, {"image": "kjr-21-e24-p5-31.png", "label": [0, 1]}, {"image": "kjr-21-e24-p5-31.png", "label": [0, 1]}, {"image": "kjr-21-e24-p5-31.png", "label": [0, 1]}, {"image": "kjr-21-e24-p5-31.png", "label": [0, 1]}, {"image": "kjr-21-e24-p5-31.png", "label": [0, 1]}, {"image": "kjr-21-e24-p5-31.png", "label": [0, 1]}, {"image": "kjr-21-e24-p5-31.png", "label": [0, 1]}, {"image": "kjr-21-e24-p5-31.png", "label": [0, 1]}, {"image": "kjr-21-e24-p5-31.png", "label": [0, 1]}, {"image": "kjr-21-e24-p5-31.png", "label": [0, 1]}, {"image": "kjr-21-e24-p5-31.png", "label": [0, 1]}, {"image": "kjr-21-e24-p5-31.png", "label": [0, 1]}, {"image": "kjr-21-e24-p5-31.png", "label": [0, 1]}, {"image": "kjr-21-e24-p5-31.png", "label": [0, 1]}, {"image": "kjr-21-e24-p5-31.png", "label": [0, 1]}, {"image": "kjr-21-e24-p5-31.png", "label": [0, 1]}, {"image": "kjr-21-e24-p5-31.png", "label": [0, 1]}, {"image": "kjr-21-e24-p5-31.png", "label": [0, 1]}, {"image": "kjr-21-e24-p5-31.png", "label": [0, 1]}, {"image": "kjr-21-e24-p5-31.png", "label": [0, 1]}, {"image": "kjr-21-e24-p5-31.png", "label": [0, 1]}, {"image": "kjr-21-e24-p5-31.png", "label": [0, 1]}, {"image": "kjr-21-e24-p5-31.png", "label": [0, 1]}, {"image": "kjr-21-e24-p5-31.png", "label": [0, 1]}, {"image": "kjr-21-e24-p5-31.png", "label": [0, 1]}, {"image": "kjr-21-e24-p5-31.png", "label": [0, 1]}, {"image": "kjr-21-e24-p5-31.png", "label": [0, 1]}, {"image": "kjr-21-e24-p5-31.png", "label": [0, 1]}, {"image": "kjr-21-e24-p5-31.png", "label": [0, 1]}, {"image": "kjr-21-e24-p5-31.png", "label": [0, 1]}, {"image": "kjr-21-e24-p5-31.png", "label": [0, 1]}, {"image": "kjr-21-e24-p5-31.png", "label": [0, 1]}, {"image": "kjr-21-e24-p5-31.png", "label": [0, 1]}, {"image": "kjr-21-e24-p5-31.png", "label": [0, 1]}, {"image": "kjr-21-e24-p5-31.png", "label": [0, 1]}, {"image": "kjr-21-e24-p5-31.png", "label": [0, 1]}, {"image": "kjr-21-e24-p5-31.png", "label": [0, 1]}, {"image": "kjr-21-e24-p5-31.png", "label": [0, 1]}, {"image": "kjr-21-e24-p5-31.png", "label": [0, 1]}, {"image": "kjr-21-e24-p5-31.png", "label": [0, 1]}, {"image": "kjr-21-e24-p5-31.png", "label": [0, 1]}, {"image": "kjr-21-e24-p5-31.png", "label": [0, 1]}, {"image": "kjr-21-e24-p5-31.png", "label": [0, 1]}, {"image": "kjr-21-e24-p5-31.png", "label": [0, 1]}, {"image": "kjr-21-e24-p5-31.png", "label": [0, 1]}, {"image": "kjr-21-e24-p5-31.png", "label": [0, 1]}, {"image": "kjr-21-e24-p5-31.png", "label": [0, 1]}, {"image": "kjr-21-e24-p5-31.png", "label": [0, 1]}, {"image": "kjr-21-e24-p5-31.png", "label": [0, 1]}, {"image": "kjr-21-e24-p5-31.png", "label": [0, 1]}, {"image": "kjr-21-e24-p5-31.png", "label": [0, 1]}, {"image": "kjr-21-e24-p5-31.png", "label": [0, 1]}, {"image": "kjr-21-e24-p5-31.png", "label": [0, 1]}, {"image": "kjr-21-e24-p5-31.png", "label": [0, 1]}, {"image": "kjr-21-e24-p5-31.png", "label": [0, 1]}, {"image": "kjr-21-e24-p5-31.png", "label": [0, 1]}, {"image": "kjr-21-e24-p5-31.png", "label": [0, 1]}, {"image": "kjr-21-e24-p5-31.png", "label": [0, 1]}, {"image": "kjr-21-e24-p5-31.png", "label": [0, 1]}, {"image": "kjr-21-e24-p5-31.png", "label": [0, 1]}, {"image": "kjr-21-e24-p5-31.png", "label": [0, 1]}, {"image": "kjr-21-e24-p5-31.png", "label": [0, 1]}, {"image": "kjr-21-e24-p5-31.png", "label": [0, 1]}, {"image": "kjr-21-e24-p5-31.png", "label": [0, 1]}, {"image": "kjr-21-e24-p5-31.png", "label": [0, 1]}, {"image": "kjr-21-e24-p5-31.png", "label": [0, 1]}, {"image": "kjr-21-e24-p5-31.png", "label": [0, 1]}, {"image": "kjr-21-e24-p5-31.png", "label": [0, 1]}, {"image": "kjr-21-e24-p5-31.png", "label": [0, 1]}, {"image": "kjr-21-e24-p5-31.png", "label": [0, 1]}, {"image": "kjr-21-e24-p5-31.png", "label": [0, 1]}, {"image": "kjr-21-e24-p5-31.png", "label": [0, 1]}, {"image": "kjr-21-e24-p5-31.png", "label": [0, 1]}, {"image": "kjr-21-e24-p5-31.png", "label": [0, 1]}, {"image": "kjr-21-e24-p5-31.png", "label": [0, 1]}, {"image": "kjr-21-e24-p5-31.png", "label": [0, 1]}, {"image": "kjr-21-e24-p5-31.png", "label": [0, 1]}, {"image": "kjr-21-e24-p5-31.png", "label": [0, 1]}, {"image": "kjr-21-e24-p5-31.png", "label": [0, 1]}, {"image": "kjr-21-e24-p5-31.png", "label": [0, 1]}, {"image": "kjr-21-e24-p5-31.png", "label": [0, 1]}, {"image": "kjr-21-e24-p5-31.png", "label": [0, 1]}, {"image": "kjr-21-e24-p5-31.png", "label": [0, 1]}, {"image": "kjr-21-e24-p5-31.png", "label": [0, 1]}, {"image": "kjr-21-e24-p5-31.png", "label": [0, 1]}, {"image": "kjr-21-e24-p5-31.png", "label": [0, 1]}, {"image": "kjr-21-e24-p5-31.png", "label": [0, 1]}, {"image": "kjr-21-e24-p5-31.png", "label": [0, 1]}, {"image": "kjr-21-e24-p5-31.png", "label": [0, 1]}, {"image": "kjr-21-e24-p5-31.png", "label": [0, 1]}, {"image": "kjr-21-e24-p5-31.png", "label": [0, 1]}, {"image": "kjr-21-e24-p5-31.png", "label": [0, 1]}, {"image": "kjr-21-e24-p5-31.png", "label": [0, 1]}, {"image": "kjr-21-e24-p5-31.png", "label": [0, 1]}, {"image": "kjr-21-e24-p5-31.png", "label": [0, 1]}, {"image": "kjr-21-e24-p5-31.png", "label": [0, 1]}, {"image": "kjr-21-e24-p5-31.png", "label": [0, 1]}, {"image": "kjr-21-e24-p5-31.png", "label": [0, 1]}, {"image": "kjr-21-e24-p5-31.png", "label": [0, 1]}, {"image": "kjr-21-e24-p5-31.png", "label": [0, 1]}, {"image": "kjr-21-e24-p5-31.png", "label": [0, 1]}, {"image": "kjr-21-e24-p5-31.png", "label": [0, 1]}, {"image": "kjr-21-e24-p5-31.png", "label": [0, 1]}, {"image": "kjr-21-e24-p5-31.png", "label": [0, 1]}, {"image": "kjr-21-e24-p5-31.png", "label": [0, 1]}, {"image": "kjr-21-e24-p5-31.png", "label": [0, 1]}, {"image": "kjr-21-e24-p5-31.png", "label": [0, 1]}, {"image": "kjr-21-e24-p5-31.png", "label": [0, 1]}, {"image": "kjr-21-e24-p5-31.png", "label": [0, 1]}, {"image": "kjr-21-e24-p5-31.png", "label": [0, 1]}, {"image": "kjr-21-e24-p5-31.png", "label": [0, 1]}, {"image": "kjr-21-e24-p5-31.png", "label": [0, 1]}, {"image": "kjr-21-e24-p5-31.png", "label": [0, 1]}, {"image": "kjr-21-e24-p5-31.png", "label": [0, 1]}, {"image": "kjr-21-e24-p5-31.png", "label": [0, 1]}, {"image": "kjr-21-e24-p5-31.png", "label": [0, 1]}, {"image": "kjr-21-e24-p5-31.png", "label": [0, 1]}, {"image": "kjr-21-e24-p5-31.png", "label": [0, 1]}, {"image": "kjr-21-e24-p5-31.png", "label": [0, 1]}, {"image": "kjr-21-e24-p5-31.png", "label": [0, 1]}, {"image": "kjr-21-e24-p5-31.png", "label": [0, 1]}, {"image": "kjr-21-e24-p5-31.png", "label": [0, 1]}, {"image": "kjr-21-e24-p5-31.png", "label": [0, 1]}, {"image": "kjr-21-e24-p5-31.png", "label": [0, 1]}, {"image": "kjr-21-e24-p5-31.png", "label": [0, 1]}, {"image": "kjr-21-e24-p5-31.png", "label": [0, 1]}, {"image": "kjr-21-e24-p5-31.png", "label": [0, 1]}, {"image": "kjr-21-e24-p5-31.png", "label": [0, 1]}, {"image": "kjr-21-e24-p5-31.png", "label": [0, 1]}, {"image": "kjr-21-e24-p5-31.png", "label": [0, 1]}, {"image": "kjr-21-e24-p5-31.png", "label": [0, 1]}, {"image": "kjr-21-e24-p5-31.png", "label": [0, 1]}, {"image": "kjr-21-e24-p5-31.png", "label": [0, 1]}, {"image": "kjr-21-e24-p5-31.png", "label": [0, 1]}, {"image": "kjr-21-e24-p5-31.png", "label": [0, 1]}, {"image": "kjr-21-e24-p5-31.png", "label": [0, 1]}, {"image": "kjr-21-e24-p5-31.png", "label": [0, 1]}, {"image": "kjr-21-e24-p5-31.png", "label": [0, 1]}, {"image": "kjr-21-e24-p5-31.png", "label": [0, 1]}, {"image": "kjr-21-e24-p5-31.png", "label": [0, 1]}, {"image": "kjr-21-e24-p5-31.png", "label": [0, 1]}, {"image": "kjr-21-e24-p5-31.png", "label": [0, 1]}, {"image": "kjr-21-e24-p5-31.png", "label": [0, 1]}, {"image": "kjr-21-e24-p5-31.png", "label": [0, 1]}, {"image": "kjr-21-e24-p5-31.png", "label": [0, 1]}, {"image": "kjr-21-e24-p5-31.png", "label": [0, 1]}, {"image": "kjr-21-e24-p5-31.png", "label": [0, 1]}, {"image": "kjr-21-e24-p5-31.png", "label": [0, 1]}, {"image": "kjr-21-e24-p5-31.png", "label": [0, 1]}, {"image": "kjr-21-e24-p5-31.png", "label": [0, 1]}, {"image": "kjr-21-e24-p5-31.png", "label": [0, 1]}, {"image": "kjr-21-e24-p5-31.png", "label": [0, 1]}, {"image": "kjr-21-e24-p5-31.png", "label": [0, 1]}, {"image": "kjr-21-e24-p5-31.png", "label": [0, 1]}, {"image": "kjr-21-e24-p5-31.png", "label": [0, 1]}, {"image": "kjr-21-e24-p5-31.png", "label": [0, 1]}, {"image": "kjr-21-e24-p5-31.png", "label": [0, 1]}, {"image": "kjr-21-e24-p5-31.png", "label": [0, 1]}, {"image": "kjr-21-e24-p5-31.png", "label": [0, 1]}, {"image": "kjr-21-e24-p5-31.png", "label": [0, 1]}, {"image": "kjr-21-e24-p5-31.png", "label": [0, 1]}, {"image": "kjr-21-e24-p5-31.png", "label": [0, 1]}, {"image": "kjr-21-e24-p5-31.png", "label": [0, 1]}, {"image": "kjr-21-e24-p5-31.png", "label": [0, 1]}, {"image": "kjr-21-e24-p5-31.png", "label": [0, 1]}, {"image": "kjr-21-e24-p5-31.png", "label": [0, 1]}, {"image": "kjr-21-e24-p5-31.png", "label": [0, 1]}, {"image": "kjr-21-e24-p5-31.png", "label": [0, 1]}, {"image": "kjr-21-e24-p5-31.png", "label": [0, 1]}, {"image": "kjr-21-e24-p5-31.png", "label": [0, 1]}, {"image": "kjr-21-e24-p5-31.png", "label": [0, 1]}, {"image": "kjr-21-e24-p5-31.png", "label": [0, 1]}, {"image": "kjr-21-e24-p5-31.png", "label": [0, 1]}, {"image": "kjr-21-e24-p5-31.png", "label": [0, 1]}, {"image": "kjr-21-e24-p5-31.png", "label": [0, 1]}, {"image": "kjr-21-e24-p5-31.png", "label": [0, 1]}, {"image": "kjr-21-e24-p5-31.png", "label": [0, 1]}, {"image": "kjr-21-e24-p5-31.png", "label": [0, 1]}, {"image": "kjr-21-e24-p5-31.png", "label": [0, 1]}, {"image": "kjr-21-e24-p5-31.png", "label": [0, 1]}, {"image": "kjr-21-e24-p5-31.png", "label": [0, 1]}, {"image": "kjr-21-e24-p5-31.png", "label": [0, 1]}, {"image": "kjr-21-e24-p5-31.png", "label": [0, 1]}]}