{"label_format": [1, 1], "training": [{"image": "14.png", "label": [1, 0]}, {"image": "15.png", "label": [1, 0]}, {"image": "33.png", "label": [1, 0]}, {"image": "43.png", "label": [1, 0]}, {"image": "44.png", "label": [1, 0]}, {"image": "59.png", "label": [1, 0]}, {"image": "81.png", "label": [1, 0]}, {"image": "82.png", "label": [1, 0]}, {"image": "102.png", "label": [1, 0]}, {"image": "103.png", "label": [1, 0]}, {"image": "104.png", "label": [1, 0]}, {"image": "114.png", "label": [1, 0]}, {"image": "115.png", "label": [1, 0]}, {"image": "116.png", "label": [1, 0]}, {"image": "117.png", "label": [1, 0]}, {"image": "118.png", "label": [1, 0]}, {"image": "120.png", "label": [1, 0]}, {"image": "158.png", "label": [1, 0]}, {"image": "171.png", "label": [1, 0]}, {"image": "174.png", "label": [1, 0]}, {"image": "226.png", "label": [1, 0]}, {"image": "227.png", "label": [1, 0]}, {"image": "294.png", "label": [1, 0]}, {"image": "354.png", "label": [1, 0]}, {"image": "361.png", "label": [1, 0]}, {"image": "378.png", "label": [1, 0]}, {"image": "381.png", "label": [1, 0]}, {"image": "382.png", "label": [1, 0]}, {"image": "383.png", "label": [1, 0]}, {"image": "385.png", "label": [1, 0]}, {"image": "575.png", "label": [1, 0]}, {"image": "576.png", "label": [1, 0]}, {"image": "577.png", "label": [1, 0]}, {"image": "578.png", "label": [1, 0]}, {"image": "579.png", "label": [1, 0]}, {"image": "580.png", "label": [1, 0]}, {"image": "585.png", "label": [1, 0]}, {"image": "586.png", "label": [1, 0]}, {"image": "587.png", "label": [1, 0]}, {"image": "672.png", "label": [1, 0]}, {"image": "673.png", "label": [1, 0]}, {"image": "704.png", "label": [1, 0]}, {"image": "705.png", "label": [1, 0]}, {"image": "706.png", "label": [1, 0]}, {"image": "781.png", "label": [1, 0]}, {"image": "782.png", "label": [1, 0]}, {"image": "921.png", "label": [1, 0]}, {"image": "956.png", "label": [1, 0]}, {"image": "957.png", "label": [1, 0]}, {"image": "1029.png", "label": [1, 0]}, {"image": "1030.png", "label": [1, 0]}, {"image": "1058.png", "label": [1, 0]}, {"image": "1059.png", "label": [1, 0]}, {"image": "1060.png", "label": [1, 0]}, {"image": "1061.png", "label": [1, 0]}, {"image": "1062.png", "label": [1, 0]}, {"image": "1065.png", "label": [1, 0]}, {"image": "1093.png", "label": [1, 0]}, {"image": "1094.png", "label": [1, 0]}, {"image": "1099.png", "label": [1, 0]}, {"image": "1100.png", "label": [1, 0]}, {"image": "1101.png", "label": [1, 0]}, {"image": "1115.png", "label": [1, 0]}, {"image": "1123.png", "label": [1, 0]}, {"image": "1124.png", "label": [1, 0]}, {"image": "1221.png", "label": [1, 0]}, {"image": "1239.png", "label": [1, 0]}, {"image": "1240.png", "label": [1, 0]}, {"image": "1277.png", "label": [1, 0]}, {"image": "1305.png", "label": [1, 0]}, {"image": "1306.png", "label": [1, 0]}, {"image": "1307.png", "label": [1, 0]}, {"image": "1308.png", "label": [1, 0]}, {"image": "1309.png", "label": [1, 0]}, {"image": "1310.png", "label": [1, 0]}, {"image": "1312.png", "label": [1, 0]}, {"image": "1313.png", "label": [1, 0]}, {"image": "1328.png", "label": [1, 0]}, {"image": "1330.png", "label": [1, 0]}, {"image": "1331.png", "label": [1, 0]}, {"image": "1332.png", "label": [1, 0]}, {"image": "1333.png", "label": [1, 0]}, {"image": "1335.png", "label": [1, 0]}, {"image": "1336.png", "label": [1, 0]}, {"image": "1463.png", "label": [1, 0]}, {"image": "1561.png", "label": [1, 0]}, {"image": "1562.png", "label": [1, 0]}, {"image": "1575.png", "label": [1, 0]}, {"image": "1576.png", "label": [1, 0]}, {"image": "1577.png", "label": [1, 0]}, {"image": "1638.png", "label": [1, 0]}, {"image": "1702.png", "label": [1, 0]}, {"image": "1845.png", "label": [1, 0]}, {"image": "1846.png", "label": [1, 0]}, {"image": "1868.png", "label": [1, 0]}, {"image": "1888.png", "label": [1, 0]}, {"image": "1889.png", "label": [1, 0]}, {"image": "1920.png", "label": [1, 0]}, {"image": "1921.png", "label": [1, 0]}, {"image": "1922.png", "label": [1, 0]}, {"image": "1923.png", "label": [1, 0]}, {"image": "1924.png", "label": [1, 0]}, {"image": "1952.png", "label": [1, 0]}, {"image": "2007.png", "label": [1, 0]}, {"image": "2039.png", "label": [1, 0]}, {"image": "2040.png", "label": [1, 0]}, {"image": "2041.png", "label": [1, 0]}, {"image": "2138.png", "label": [1, 0]}, {"image": "2139.png", "label": [1, 0]}, {"image": "2140.png", "label": [1, 0]}, {"image": "2141.png", "label": [1, 0]}, {"image": "2142.png", "label": [1, 0]}, {"image": "2143.png", "label": [1, 0]}, {"image": "2144.png", "label": [1, 0]}, {"image": "2145.png", "label": [1, 0]}, {"image": "34.jpg", "label": [1, 0]}, {"image": "35%0.jpg", "label": [1, 0]}, {"image": "35%1.jpg", "label": [1, 0]}, {"image": "35%2.jpg", "label": [1, 0]}, {"image": "36%0.jpg", "label": [1, 0]}, {"image": "36%1.jpg", "label": [1, 0]}, {"image": "37%0.jpg", "label": [1, 0]}, {"image": "37%1.jpg", "label": [1, 0]}, {"image": "37%2.jpg", "label": [1, 0]}, {"image": "37%3.jpg", "label": [1, 0]}, {"image": "37%4.jpg", "label": [1, 0]}, {"image": "38%0.jpg", "label": [1, 0]}, {"image": "38%1.jpg", "label": [1, 0]}, {"image": "38%2.jpg", "label": [1, 0]}, {"image": "39%0.jpg", "label": [1, 0]}, {"image": "39%1.jpg", "label": [1, 0]}, {"image": "39%2.jpg", "label": [1, 0]}, {"image": "39%3.jpg", "label": [1, 0]}, {"image": "39%4.jpg", "label": [1, 0]}, {"image": "39%5.jpg", "label": [1, 0]}, {"image": "39%6.jpg", "label": [1, 0]}, {"image": "39%7.jpg", "label": [1, 0]}, {"image": "39%8.jpg", "label": [1, 0]}, {"image": "40%0.jpg", "label": [1, 0]}, {"image": "40%1.jpg", "label": [1, 0]}, {"image": "41.jpg", "label": [1, 0]}, {"image": "42.jpg", "label": [1, 0]}, {"image": "43%1.jpg", "label": [1, 0]}, {"image": "43%2.jpg", "label": [1, 0]}, {"image": "43%3.jpg", "label": [1, 0]}, {"image": "44%0.jpg", "label": [1, 0]}, {"image": "44%1.jpg", "label": [1, 0]}, {"image": "45.jpg", "label": [1, 0]}, {"image": "46.jpg", "label": [1, 0]}, {"image": "47.jpg", "label": [1, 0]}, {"image": "48.jpg", "label": [1, 0]}, {"image": "49%0.jpg", "label": [1, 0]}, {"image": "49%1.jpg", "label": [1, 0]}, {"image": "50.jpg", "label": [1, 0]}, {"image": "51%0.jpg", "label": [1, 0]}, {"image": "51%1.jpg", "label": [1, 0]}, {"image": "51%2.jpg", "label": [1, 0]}, {"image": "51%3.jpg", "label": [1, 0]}, {"image": "52%0.jpg", "label": [1, 0]}, {"image": "52%1.jpg", "label": [1, 0]}, {"image": "53.jpg", "label": [1, 0]}, {"image": "54%0.jpg", "label": [1, 0]}, {"image": "54%1.jpg", "label": [1, 0]}, {"image": "54%2.jpg", "label": [1, 0]}, {"image": "54%3.jpg", "label": [1, 0]}, {"image": "56%0.jpg", "label": [1, 0]}, {"image": "56%1.jpg", "label": [1, 0]}, {"image": "57%0.jpg", "label": [1, 0]}, {"image": "59%0.jpg", "label": [1, 0]}, {"image": "60.jpg", "label": [1, 0]}, {"image": "62.jpg", "label": [1, 0]}, {"image": "63%0.jpg", "label": [1, 0]}, {"image": "63%1.jpg", "label": [1, 0]}, {"image": "63%2.jpg", "label": [1, 0]}, {"image": "63%3.jpg", "label": [1, 0]}, {"image": "63%4.jpg", "label": [1, 0]}, {"image": "63%5.jpg", "label": [1, 0]}, {"image": "63%6.jpg", "label": [1, 0]}, {"image": "63%7.jpg", "label": [1, 0]}, {"image": "64.jpg", "label": [1, 0]}, {"image": "65%0.jpg", "label": [1, 0]}, {"image": "65%1.jpg", "label": [1, 0]}, {"image": "65%2.jpg", "label": [1, 0]}, {"image": "65%3.jpg", "label": [1, 0]}, {"image": "65%4.jpg", "label": [1, 0]}, {"image": "66.jpg", "label": [1, 0]}, {"image": "67%0.jpg", "label": [1, 0]}, {"image": "67%1.jpg", "label": [1, 0]}, {"image": "67%2.jpg", "label": [1, 0]}, {"image": "68.jpg", "label": [1, 0]}, {"image": "69%0.jpg", "label": [1, 0]}, {"image": "69%1.jpg", "label": [1, 0]}, {"image": "70%0.jpg", "label": [1, 0]}, {"image": "70%1.jpg", "label": [1, 0]}, {"image": "71%0.jpg", "label": [1, 0]}, {"image": "71%1.jpg", "label": [1, 0]}, {"image": "72.jpg", "label": [1, 0]}, {"image": "73.jpg", "label": [1, 0]}, {"image": "74.jpg", "label": [1, 0]}, {"image": "75%0.jpg", "label": [1, 0]}, {"image": "75%1.jpg", "label": [1, 0]}, {"image": "76%0.jpg", "label": [1, 0]}, {"image": "76%1.jpg", "label": [1, 0]}, {"image": "76%2.jpg", "label": [1, 0]}, {"image": "77.jpg", "label": [1, 0]}, {"image": "78.jpg", "label": [1, 0]}, {"image": "79.jpg", "label": [1, 0]}, {"image": "80%0.jpg", "label": [1, 0]}, {"image": "80%1.jpg", "label": [1, 0]}, {"image": "81%0.jpg", "label": [1, 0]}, {"image": "81%1.jpg", "label": [1, 0]}, {"image": "81%2.jpg", "label": [1, 0]}, {"image": "81%3.jpg", "label": [1, 0]}, {"image": "82%0.jpg", "label": [1, 0]}, {"image": "82%1.jpg", "label": [1, 0]}, {"image": "82%2.jpg", "label": [1, 0]}, {"image": "82%3.jpg", "label": [1, 0]}, {"image": "83%0.jpg", "label": [1, 0]}, {"image": "83%1.jpg", "label": [1, 0]}, {"image": "83%2.jpg", "label": [1, 0]}, {"image": "83%3.jpg", "label": [1, 0]}, {"image": "84%0.jpg", "label": [1, 0]}, {"image": "84%1.jpg", "label": [1, 0]}, {"image": "84%2.jpg", "label": [1, 0]}, {"image": "84%3.jpg", "label": [1, 0]}, {"image": "85%0.jpg", "label": [1, 0]}, {"image": "85%1.jpg", "label": [1, 0]}, {"image": "86.jpg", "label": [1, 0]}, {"image": "88.jpg", "label": [1, 0]}, {"image": "89%2.jpg", "label": [1, 0]}, {"image": "89%3.jpg", "label": [1, 0]}, {"image": "90.jpg", "label": [1, 0]}, {"image": "91%0.jpg", "label": [1, 0]}, {"image": "91%1.jpg", "label": [1, 0]}, {"image": "2020.01.24.919183-p27-132.png", "label": [0, 1]}, {"image": "2020.01.24.919183-p27-133.png", "label": [0, 1]}, {"image": "2020.01.24.919183-p27-134.png", "label": [0, 1]}, {"image": "2020.01.24.919183-p27-135.png", "label": [0, 1]}, {"image": "2020.02.10.20021584-p6-52%0.png", "label": [0, 1]}, {"image": "2020.02.10.20021584-p6-52%1.png", "label": [0, 1]}, {"image": "2020.02.10.20021584-p6-52%10.png", "label": [0, 1]}, {"image": "2020.02.10.20021584-p6-52%11.png", "label": [0, 1]}, {"image": "2020.02.10.20021584-p6-52%12.png", "label": [0, 1]}, {"image": "2020.02.10.20021584-p6-52%13.png", "label": [0, 1]}, {"image": "2020.02.10.20021584-p6-52%14.png", "label": [0, 1]}, {"image": "2020.02.10.20021584-p6-52%15.png", "label": [0, 1]}, {"image": "2020.02.10.20021584-p6-52%2.png", "label": [0, 1]}, {"image": "2020.02.10.20021584-p6-52%3.png", "label": [0, 1]}, {"image": "2020.02.10.20021584-p6-52%4.png", "label": [0, 1]}, {"image": "2020.02.10.20021584-p6-52%5.png", "label": [0, 1]}, {"image": "2020.02.10.20021584-p6-52%6.png", "label": [0, 1]}, {"image": "2020.02.10.20021584-p6-52%7.png", "label": [0, 1]}, {"image": "2020.02.10.20021584-p6-52%8.png", "label": [0, 1]}, {"image": "2020.02.10.20021584-p6-52%9.png", "label": [0, 1]}, {"image": "2020.02.11.20021493-p16-109%0.png", "label": [0, 1]}, {"image": "2020.02.11.20021493-p16-109%1.png", "label": [0, 1]}, {"image": "2020.02.11.20021493-p16-109%2.png", "label": [0, 1]}, {"image": "2020.02.11.20022053-p12-67%0.png", "label": [0, 1]}, {"image": "2020.02.11.20022053-p12-67%1.png", "label": [0, 1]}, {"image": "2020.02.11.20022053-p12-67%2.png", "label": [0, 1]}, {"image": "2020.02.11.20022053-p12-67%3.png", "label": [0, 1]}, {"image": "2020.02.13.20022673-p13-77%0.png", "label": [0, 1]}, {"image": "2020.02.13.20022673-p13-77%1.png", "label": [0, 1]}, {"image": "2020.02.13.20022673-p13-77%2.png", "label": [0, 1]}, {"image": "2020.02.17.20024018-p17-61%0.png", "label": [0, 1]}, {"image": "2020.02.17.20024018-p17-61%1.png", "label": [0, 1]}, {"image": "2020.02.17.20024018-p17-61%2.png", "label": [0, 1]}, {"image": "2020.02.17.20024018-p17-61%3.png", "label": [0, 1]}, {"image": "2020.02.17.20024018-p17-61%4.png", "label": [0, 1]}, {"image": "2020.02.19.20025023-p20-93%0.png", "label": [0, 1]}, {"image": "2020.02.19.20025023-p20-93%1.png", "label": [0, 1]}, {"image": "2020.02.19.20025023-p20-93%2.png", "label": [0, 1]}, {"image": "2020.02.19.20025023-p20-93%3.png", "label": [0, 1]}, {"image": "2020.02.22.20024927-p18-66%0.png", "label": [0, 1]}, {"image": "2020.02.22.20024927-p18-66%1.png", "label": [0, 1]}, {"image": "2020.02.22.20024927-p18-66%2.png", "label": [0, 1]}, {"image": "2020.02.22.20024927-p19-68%0.png", "label": [0, 1]}, {"image": "2020.02.22.20024927-p19-68%1.png", "label": [0, 1]}, {"image": "2020.02.22.20024927-p19-68%2.png", "label": [0, 1]}, {"image": "2020.02.22.20024927-p19-68%3.png", "label": [0, 1]}, {"image": "2020.02.22.20024927-p19-68%4.png", "label": [0, 1]}, {"image": "2020.02.22.20024927-p19-68%5.png", "label": [0, 1]}, {"image": "2020.02.22.20024927-p20-70%0.png", "label": [0, 1]}, {"image": "2020.02.22.20024927-p20-70%1.png", "label": [0, 1]}, {"image": "2020.02.22.20024927-p20-70%2.png", "label": [0, 1]}, {"image": "2020.02.22.20024927-p20-70%3.png", "label": [0, 1]}, {"image": "2020.02.23.20026856-p17-115%0.png", "label": [0, 1]}, {"image": "2020.02.23.20026856-p17-115%1.png", "label": [0, 1]}, {"image": "2020.02.23.20026856-p17-115%2.png", "label": [0, 1]}, {"image": "2020.02.23.20026856-p17-115%3.png", "label": [0, 1]}, {"image": "2020.02.23.20026856-p17-115%4.png", "label": [0, 1]}, {"image": "2020.02.23.20026856-p17-115%5.png", "label": [0, 1]}, {"image": "2020.02.24.20027052-p8-73%0.png", "label": [0, 1]}, {"image": "2020.02.24.20027052-p8-73%1.png", "label": [0, 1]}, {"image": "2020.02.24.20027052-p8-73%2.png", "label": [0, 1]}, {"image": "2020.02.24.20027052-p8-73%3.png", "label": [0, 1]}, {"image": "2020.02.24.20027201-p19-669.png", "label": [0, 1]}, {"image": "2020.02.24.20027201-p19-670.png", "label": [0, 1]}, {"image": "2020.02.25.20021568-p23-108%0.png", "label": [0, 1]}, {"image": "2020.02.25.20021568-p23-108%1.png", "label": [0, 1]}, {"image": "2020.02.25.20021568-p23-108%10.png", "label": [0, 1]}, {"image": "2020.02.25.20021568-p23-108%11.png", "label": [0, 1]}, {"image": "2020.02.25.20021568-p23-108%12.png", "label": [0, 1]}, {"image": "2020.02.25.20021568-p23-108%13.png", "label": [0, 1]}, {"image": "2020.02.25.20021568-p23-108%14.png", "label": [0, 1]}, {"image": "2020.02.25.20021568-p23-108%15.png", "label": [0, 1]}, {"image": "2020.02.25.20021568-p23-108%2.png", "label": [0, 1]}, {"image": "2020.02.25.20021568-p23-108%3.png", "label": [0, 1]}, {"image": "2020.02.25.20021568-p23-108%4.png", "label": [0, 1]}, {"image": "2020.02.25.20021568-p23-108%5.png", "label": [0, 1]}, {"image": "2020.02.25.20021568-p23-108%6.png", "label": [0, 1]}, {"image": "2020.02.25.20021568-p23-108%7.png", "label": [0, 1]}, {"image": "2020.02.25.20021568-p23-108%8.png", "label": [0, 1]}, {"image": "2020.02.25.20021568-p23-108%9.png", "label": [0, 1]}, {"image": "2020.02.25.20021568-p24-111%0.png", "label": [0, 1]}, {"image": "2020.02.25.20021568-p24-111%1.png", "label": [0, 1]}, {"image": "2020.02.25.20021568-p24-111%2.png", "label": [0, 1]}, {"image": "2020.02.25.20021568-p24-111%3.png", "label": [0, 1]}, {"image": "2020.02.25.20021568-p24-111%4.png", "label": [0, 1]}, {"image": "2020.02.25.20021568-p24-111%5.png", "label": [0, 1]}, {"image": "2020.02.25.20021568-p24-111%6.png", "label": [0, 1]}, {"image": "2020.02.25.20021568-p24-111%7.png", "label": [0, 1]}, {"image": "2020.02.25.20021568-p24-111%8.png", "label": [0, 1]}, {"image": "2020.02.25.20021568-p24-111%9.png", "label": [0, 1]}, {"image": "2020.02.25.20027763-p15-53%0.png", "label": [0, 1]}, {"image": "2020.02.25.20027763-p15-53%1.png", "label": [0, 1]}, {"image": "2020.02.26.20026989-p34-114_1%0.png", "label": [0, 1]}, {"image": "2020.02.26.20026989-p34-114_1%1.png", "label": [0, 1]}, {"image": "2020.02.26.20026989-p34-114_2%0.png", "label": [0, 1]}, {"image": "2020.02.26.20026989-p34-114_2%1.png", "label": [0, 1]}, {"image": "2020.02.26.20027938-p6-80_1%0.png", "label": [0, 1]}, {"image": "2020.02.26.20027938-p6-80_1%1.png", "label": [0, 1]}, {"image": "2020.02.26.20027938-p6-80_2%0.png", "label": [0, 1]}, {"image": "2020.02.26.20027938-p6-80_2%1.png", "label": [0, 1]}, {"image": "2020.02.26.20027938-p6-80_3%0.png", "label": [0, 1]}, {"image": "2020.02.26.20027938-p6-80_3%1.png", "label": [0, 1]}, {"image": "2020.02.27.20027557-p25-137%0.png", "label": [0, 1]}, {"image": "2020.02.27.20027557-p25-137%1.png", "label": [0, 1]}, {"image": "2020.02.27.20027557-p25-137%2.png", "label": [0, 1]}, {"image": "2020.02.27.20027557-p25-137%3.png", "label": [0, 1]}, {"image": "2020.02.27.20027557-p25-137%4.png", "label": [0, 1]}, {"image": "2020.02.28.20029025-p23-182.png", "label": [0, 1]}, {"image": "2020.02.28.20029025-p23-183.png", "label": [0, 1]}, {"image": "2020.03.01.20029769-p21-73_1%0.png", "label": [0, 1]}, {"image": "2020.03.01.20029769-p21-73_1%1.png", "label": [0, 1]}, {"image": "2020.03.01.20029769-p21-73_1%2.png", "label": [0, 1]}, {"image": "2020.03.01.20029769-p21-73_2%0.png", "label": [0, 1]}, {"image": "2020.03.01.20029769-p21-73_2%1.png", "label": [0, 1]}, {"image": "2020.03.01.20029769-p21-73_2%2.png", "label": [0, 1]}, {"image": "2020.03.01.20029769-p21-73_3.png", "label": [0, 1]}, {"image": "2020.03.01.20029769-p21-73_4.png", "label": [0, 1]}, {"image": "2020.03.03.20030353-p17-106%0.png", "label": [0, 1]}, {"image": "2020.03.03.20030353-p17-106%1.png", "label": [0, 1]}, {"image": "2020.03.03.20030353-p17-106%2.png", "label": [0, 1]}, {"image": "2020.03.03.20030775-p10-88%0.png", "label": [0, 1]}, {"image": "2020.03.03.20030775-p10-88%1.png", "label": [0, 1]}, {"image": "2020.03.03.20030775-p11-91.png", "label": [0, 1]}, {"image": "2020.03.03.20030775-p12-93%0.png", "label": [0, 1]}, {"image": "2020.03.03.20030775-p12-93%1.png", "label": [0, 1]}, {"image": "2020.03.04.20026005-p12-1946%0.png", "label": [0, 1]}, {"image": "2020.03.04.20026005-p12-1946%1.png", "label": [0, 1]}, {"image": "2020.03.04.20026005-p12-1946%2.png", "label": [0, 1]}, {"image": "2020.03.04.20026005-p12-1946%3.png", "label": [0, 1]}, {"image": "2020.03.04.20026005-p12-1946%4.png", "label": [0, 1]}, {"image": "2020.03.04.20026005-p12-1946%5.png", "label": [0, 1]}, {"image": "2020.03.04.20030395-p27-108%0.png", "label": [0, 1]}, {"image": "2020.03.04.20030395-p27-108%1.png", "label": [0, 1]}, {"image": "2020.03.04.20030395-p27-108%2.png", "label": [0, 1]}, {"image": "2020.03.04.20030395-p27-108%3.png", "label": [0, 1]}, {"image": "2020.03.04.20030395-p27-108%4.png", "label": [0, 1]}, {"image": "2020.03.04.20030395-p27-108%5.png", "label": [0, 1]}, {"image": "2020.03.04.20030395-p27-108%6.png", "label": [0, 1]}, {"image": "2020.03.04.20030395-p27-108%7.png", "label": [0, 1]}, {"image": "2020.03.04.20030395-p27-108%8.png", "label": [0, 1]}, {"image": "2020.03.04.20031039-p23-97_1%0.png", "label": [0, 1]}, {"image": "2020.03.04.20031039-p23-97_1%1.png", "label": [0, 1]}, {"image": "2020.03.04.20031039-p23-97_1%2.png", "label": [0, 1]}, {"image": "2020.03.04.20031039-p23-97_2%0.png", "label": [0, 1]}, {"image": "2020.03.04.20031039-p23-97_2%1.png", "label": [0, 1]}, {"image": "2020.03.04.20031039-p23-97_2%2.png", "label": [0, 1]}, {"image": "2020.03.04.20031047-p12-81%0.png", "label": [0, 1]}, {"image": "2020.03.04.20031047-p12-81%1.png", "label": [0, 1]}, {"image": "2020.03.04.20031047-p12-81%2.png", "label": [0, 1]}, {"image": "2020.03.04.20031047-p12-81%3.png", "label": [0, 1]}, {"image": "2020.03.04.20031047-p13-84%0.png", "label": [0, 1]}, {"image": "2020.03.04.20031047-p13-84%1.png", "label": [0, 1]}, {"image": "2020.03.04.20031047-p13-84%2.png", "label": [0, 1]}, {"image": "2020.03.04.20031047-p13-84%3.png", "label": [0, 1]}, {"image": "2020.03.04.20031047-p13-84%4.png", "label": [0, 1]}, {"image": "2020.03.04.20031047-p13-84%5.png", "label": [0, 1]}, {"image": "2020.03.04.20031047-p14-87%0.png", "label": [0, 1]}, {"image": "2020.03.04.20031047-p14-87%1.png", "label": [0, 1]}, {"image": "2020.03.07.20031393-p7-50%0.png", "label": [0, 1]}, {"image": "2020.03.07.20031393-p7-50%1.png", "label": [0, 1]}, {"image": "2020.03.07.20031393-p7-50%2.png", "label": [0, 1]}, {"image": "2020.03.07.20031393-p7-50%3.png", "label": [0, 1]}, {"image": "2020.03.08.20031658-p15-103.png", "label": [0, 1]}, {"image": "2020.03.08.20031658-p15-104.png", "label": [0, 1]}, {"image": "2020.03.08.20031658-p15-105.png", "label": [0, 1]}, {"image": "2020.03.08.20031658-p15-106.png", "label": [0, 1]}, {"image": "2020.03.09.20033118-p20-93%0.png", "label": [0, 1]}, {"image": "2020.03.09.20033118-p20-93%1.png", "label": [0, 1]}, {"image": "2020.03.09.20033118-p20-93%2.png", "label": [0, 1]}, {"image": "2020.03.09.20033118-p20-93%3.png", "label": [0, 1]}, {"image": "2020.03.10.20032136-p34-118_1%0.png", "label": [0, 1]}, {"image": "2020.03.10.20032136-p34-118_1%1.png", "label": [0, 1]}, {"image": "2020.03.10.20032136-p34-118_2%0.png", "label": [0, 1]}, {"image": "2020.03.10.20032136-p34-118_2%1.png", "label": [0, 1]}, {"image": "2020.03.11.20033159-p12-45%0.png", "label": [0, 1]}, {"image": "2020.03.11.20033159-p12-45%1.png", "label": [0, 1]}, {"image": "2020.03.11.20033159-p12-45%2.png", "label": [0, 1]}, {"image": "2020.03.11.20033159-p12-45%3.png", "label": [0, 1]}, {"image": "2020.03.11.20033159-p12-45%4.png", "label": [0, 1]}, {"image": "2020.03.11.20033159-p12-45%5.png", "label": [0, 1]}, {"image": "2020.03.12.20027185-p8-216.png", "label": [0, 1]}, {"image": "2020.03.12.20027185-p8-217.png", "label": [0, 1]}, {"image": "2020.03.12.20027185-p8-218.png", "label": [0, 1]}, {"image": "2020.03.12.20027185-p8-221.png", "label": [0, 1]}, {"image": "2020.03.12.20034686-p17-91-3.png", "label": [0, 1]}, {"image": "2020.03.12.20034686-p17-91-4.png", "label": [0, 1]}, {"image": "2020.03.12.20034686-p17-91-5.png", "label": [0, 1]}, {"image": "2020.03.12.20034686-p17-91-6.png", "label": [0, 1]}, {"image": "2020.03.13.20035212-p23-152.png", "label": [0, 1]}, {"image": "2020.03.13.20035212-p23-153.png", "label": [0, 1]}, {"image": "2020.03.13.20035212-p23-154.png", "label": [0, 1]}], "validation": [{"image": "23.png", "label": [1, 0]}, {"image": "24.png", "label": [1, 0]}, {"image": "25.png", "label": [1, 0]}, {"image": "26.png", "label": [1, 0]}, {"image": "412.png", "label": [1, 0]}, {"image": "413.png", "label": [1, 0]}, {"image": "414.png", "label": [1, 0]}, {"image": "486.png", "label": [1, 0]}, {"image": "487.png", "label": [1, 0]}, {"image": "709.png", "label": [1, 0]}, {"image": "753.png", "label": [1, 0]}, {"image": "754.png", "label": [1, 0]}, {"image": "887.png", "label": [1, 0]}, {"image": "889.png", "label": [1, 0]}, {"image": "890.png", "label": [1, 0]}, {"image": "1070.png", "label": [1, 0]}, {"image": "1071.png", "label": [1, 0]}, {"image": "1072.png", "label": [1, 0]}, {"image": "1164.png", "label": [1, 0]}, {"image": "1261.png", "label": [1, 0]}, {"image": "1262.png", "label": [1, 0]}, {"image": "1263.png", "label": [1, 0]}, {"image": "1264.png", "label": [1, 0]}, {"image": "1297.png", "label": [1, 0]}, {"image": "1298.png", "label": [1, 0]}, {"image": "1428.png", "label": [1, 0]}, {"image": "1876.png", "label": [1, 0]}, {"image": "1877.png", "label": [1, 0]}, {"image": "20.jpg", "label": [1, 0]}, {"image": "21%0.jpg", "label": [1, 0]}, {"image": "21%1.jpg", "label": [1, 0]}, {"image": "22%0.jpg", "label": [1, 0]}, {"image": "22%1.jpg", "label": [1, 0]}, {"image": "25%0.jpg", "label": [1, 0]}, {"image": "25%1.jpg", "label": [1, 0]}, {"image": "25%2.jpg", "label": [1, 0]}, {"image": "25%3.jpg", "label": [1, 0]}, {"image": "26%0.jpg", "label": [1, 0]}, {"image": "26%1.jpg", "label": [1, 0]}, {"image": "26%2.jpg", "label": [1, 0]}, {"image": "26%3.jpg", "label": [1, 0]}, {"image": "27.jpg", "label": [1, 0]}, {"image": "28.jpg", "label": [1, 0]}, {"image": "29%0.jpg", "label": [1, 0]}, {"image": "29%1.jpg", "label": [1, 0]}, {"image": "29%2.jpg", "label": [1, 0]}, {"image": "29%3.jpg", "label": [1, 0]}, {"image": "30%0.jpg", "label": [1, 0]}, {"image": "30%1.jpg", "label": [1, 0]}, {"image": "30%2.jpg", "label": [1, 0]}, {"image": "30%3.jpg", "label": [1, 0]}, {"image": "30%4.jpg", "label": [1, 0]}, {"image": "30%5.jpg", "label": [1, 0]}, {"image": "31.jpg", "label": [1, 0]}, {"image": "32%0.jpg", "label": [1, 0]}, {"image": "32%1.jpg", "label": [1, 0]}, {"image": "33%0.jpg", "label": [1, 0]}, {"image": "33%1.jpg", "label": [1, 0]}, {"image": "2020.03.13.20035212-p23-155.png", "label": [0, 1]}, {"image": "2020.03.13.20035212-p23-156.png", "label": [0, 1]}, {"image": "2020.03.13.20035212-p23-157.png", "label": [0, 1]}, {"image": "2020.03.13.20035212-p23-158.png", "label": [0, 1]}, {"image": "2020.03.13.20035212-p23-159.png", "label": [0, 1]}, {"image": "2020.03.13.20035212-p23-160.png", "label": [0, 1]}, {"image": "2020.03.13.20035212-p23-161.png", "label": [0, 1]}, {"image": "2020.03.13.20035212-p23-162.png", "label": [0, 1]}, {"image": "2020.03.13.20035212-p23-163.png", "label": [0, 1]}, {"image": "2020.03.16.20035105-p6-64-1.png", "label": [0, 1]}, {"image": "2020.03.16.20035105-p6-64-2.png", "label": [0, 1]}, {"image": "2020.03.16.20035105-p6-64-3.png", "label": [0, 1]}, {"image": "2020.03.16.20035105-p6-64-4.png", "label": [0, 1]}, {"image": "2020.03.16.20036145-p19-128-1.png", "label": [0, 1]}, {"image": "2020.03.16.20036145-p19-128-2.png", "label": [0, 1]}, {"image": "2020.03.16.20036145-p19-128-3.png", "label": [0, 1]}, {"image": "2020.03.16.20036145-p19-128-4.png", "label": [0, 1]}, {"image": "2020.03.18.20038125-p15-54-2.png", "label": [0, 1]}, {"image": "2020.03.18.20038125-p15-54-4.png", "label": [0, 1]}, {"image": "2020.03.18.20038125-p15-54-5.png", "label": [0, 1]}, {"image": "2020.03.18.20038125-p15-54-6.png", "label": [0, 1]}, {"image": "2020.03.18.20038125-p16-56-1.png", "label": [0, 1]}, {"image": "2020.03.18.20038125-p16-56-2.png", "label": [0, 1]}, {"image": "2020.03.18.20038125-p16-56-3.png", "label": [0, 1]}, {"image": "2020.03.18.20038125-p16-56-4.png", "label": [0, 1]}, {"image": "2020.03.18.20038125-p16-56-5.png", "label": [0, 1]}, {"image": "2020.03.18.20038125-p16-56-6.png", "label": [0, 1]}, {"image": "2020.03.19.20038539-p10-57.png", "label": [0, 1]}, {"image": "2020.03.19.20038539-p10-58.png", "label": [0, 1]}, {"image": "2020.03.19.20038539-p10-59.png", "label": [0, 1]}, {"image": "2020.03.19.20038539-p10-60.png", "label": [0, 1]}, {"image": "2020.03.19.20038539-p10-61.png", "label": [0, 1]}, {"image": "2020.03.19.20038539-p10-62.png", "label": [0, 1]}, {"image": "2020.03.20.20037325-p23-121.png", "label": [0, 1]}, {"image": "2020.03.20.20037325-p23-122.png", "label": [0, 1]}, {"image": "2020.03.20.20037325-p23-123.png", "label": [0, 1]}, {"image": "2020.03.20.20037325-p23-124.png", "label": [0, 1]}, {"image": "2020.03.21.20040691-p18-6-6.png", "label": [0, 1]}, {"image": "2020.03.21.20040691-p18-67-1.png", "label": [0, 1]}, {"image": "2020.03.21.20040691-p18-67-2.png", "label": [0, 1]}, {"image": "2020.03.21.20040691-p18-67-3.png", "label": [0, 1]}, {"image": "2020.03.21.20040691-p18-67-4.png", "label": [0, 1]}, {"image": "2020.03.21.20040691-p18-67-5.png", "label": [0, 1]}, {"image": "2020.03.21.20040691-p18-67-7.png", "label": [0, 1]}, {"image": "2020.03.21.20040691-p18-67-8.png", "label": [0, 1]}, {"image": "2020.03.22.20034041-p16-66.png", "label": [0, 1]}, {"image": "2020.03.22.20034041-p17-80-1.png", "label": [0, 1]}, {"image": "2020.03.22.20034041-p17-80-2.png", "label": [0, 1]}, {"image": "2020.03.22.20034041-p18-92-1.png", "label": [0, 1]}, {"image": "2020.03.22.20034041-p18-92-2.png", "label": [0, 1]}, {"image": "2020.03.22.20034041-p18-92-3.png", "label": [0, 1]}, {"image": "2020.03.22.20040782-p24-1533-1.png", "label": [0, 1]}, {"image": "2020.03.22.20040782-p24-1533-2.png", "label": [0, 1]}, {"image": "2020.03.22.20040782-p24-1533-3.png", "label": [0, 1]}, {"image": "2020.03.22.20040782-p24-1533-4.png", "label": [0, 1]}, {"image": "2020.03.22.20040782-p24-1533-5.png", "label": [0, 1]}, {"image": "2020.03.22.20040782-p24-1533-6.png", "label": [0, 1]}, {"image": "2020.03.22.20040782-p24-1533-7.png", "label": [0, 1]}, {"image": "2020.03.22.20040782-p24-1533-8.png", "label": [0, 1]}, {"image": "2020.03.22.20040782-p25-1541.png", "label": [0, 1]}], "test": [{"image": "112.png", "label": [1, 0]}, {"image": "166.png", "label": [1, 0]}, {"image": "167.png", "label": [1, 0]}, {"image": "176.png", "label": [1, 0]}, {"image": "177.png", "label": [1, 0]}, {"image": "452.png", "label": [1, 0]}, {"image": "583.png", "label": [1, 0]}, {"image": "584.png", "label": [1, 0]}, {"image": "590.png", "label": [1, 0]}, {"image": "591.png", "label": [1, 0]}, {"image": "592.png", "label": [1, 0]}, {"image": "658.png", "label": [1, 0]}, {"image": "660.png", "label": [1, 0]}, {"image": "661.png", "label": [1, 0]}, {"image": "662.png", "label": [1, 0]}, {"image": "663.png", "label": [1, 0]}, {"image": "848.png", "label": [1, 0]}, {"image": "849.png", "label": [1, 0]}, {"image": "969.png", "label": [1, 0]}, {"image": "996.png", "label": [1, 0]}, {"image": "997.png", "label": [1, 0]}, {"image": "1046.png", "label": [1, 0]}, {"image": "1047.png", "label": [1, 0]}, {"image": "1048.png", "label": [1, 0]}, {"image": "1049.png", "label": [1, 0]}, {"image": "1050.png", "label": [1, 0]}, {"image": "1078.png", "label": [1, 0]}, {"image": "1079.png", "label": [1, 0]}, {"image": "1098.png", "label": [1, 0]}, {"image": "1210.png", "label": [1, 0]}, {"image": "1211.png", "label": [1, 0]}, {"image": "1212.png", "label": [1, 0]}, {"image": "1213.png", "label": [1, 0]}, {"image": "1214.png", "label": [1, 0]}, {"image": "1215.png", "label": [1, 0]}, {"image": "1216.png", "label": [1, 0]}, {"image": "1217.png", "label": [1, 0]}, {"image": "1218.png", "label": [1, 0]}, {"image": "1238.png", "label": [1, 0]}, {"image": "1497.png", "label": [1, 0]}, {"image": "1498.png", "label": [1, 0]}, {"image": "1499.png", "label": [1, 0]}, {"image": "1500.png", "label": [1, 0]}, {"image": "1501.png", "label": [1, 0]}, {"image": "1814.png", "label": [1, 0]}, {"image": "1857.png", "label": [1, 0]}, {"image": "1858.png", "label": [1, 0]}, {"image": "1859.png", "label": [1, 0]}, {"image": "1919.png", "label": [1, 0]}, {"image": "2108.png", "label": [1, 0]}, {"image": "2237.png", "label": [1, 0]}, {"image": "2341.png", "label": [1, 0]}, {"image": "0.jpg", "label": [1, 0]}, {"image": "1%0.jpg", "label": [1, 0]}, {"image": "1%1.jpg", "label": [1, 0]}, {"image": "1%2.jpg", "label": [1, 0]}, {"image": "10%0.jpg", "label": [1, 0]}, {"image": "10%1.jpg", "label": [1, 0]}, {"image": "10%2.jpg", "label": [1, 0]}, {"image": "11%0.jpg", "label": [1, 0]}, {"image": "11%1.jpg", "label": [1, 0]}, {"image": "11%2.jpg", "label": [1, 0]}, {"image": "12.jpg", "label": [1, 0]}, {"image": "13.jpg", "label": [1, 0]}, {"image": "14%0.jpg", "label": [1, 0]}, {"image": "14%1.jpg", "label": [1, 0]}, {"image": "14%2.jpg", "label": [1, 0]}, {"image": "14%3.jpg", "label": [1, 0]}, {"image": "15%0.jpg", "label": [1, 0]}, {"image": "15%1.jpg", "label": [1, 0]}, {"image": "15%2.jpg", "label": [1, 0]}, {"image": "15%3.jpg", "label": [1, 0]}, {"image": "16.jpg", "label": [1, 0]}, {"image": "17%0.jpg", "label": [1, 0]}, {"image": "17%1.jpg", "label": [1, 0]}, {"image": "18%0.jpg", "label": [1, 0]}, {"image": "18%1.jpg", "label": [1, 0]}, {"image": "18%2.jpg", "label": [1, 0]}, {"image": "18%3.jpg", "label": [1, 0]}, {"image": "19%0.jpg", "label": [1, 0]}, {"image": "19%1.jpg", "label": [1, 0]}, {"image": "2%0.jpg", "label": [1, 0]}, {"image": "2%1.jpg", "label": [1, 0]}, {"image": "2%2.jpg", "label": [1, 0]}, {"image": "2%3.jpg", "label": [1, 0]}, {"image": "3.jpg", "label": [1, 0]}, {"image": "4%1.jpg", "label": [1, 0]}, {"image": "4%3.jpg", "label": [1, 0]}, {"image": "4%5.jpg", "label": [1, 0]}, {"image": "4%7.jpg", "label": [1, 0]}, {"image": "5%0.jpg", "label": [1, 0]}, {"image": "5%1.jpg", "label": [1, 0]}, {"image": "5%2.jpg", "label": [1, 0]}, {"image": "5%3.jpg", "label": [1, 0]}, {"image": "5%4.jpg", "label": [1, 0]}, {"image": "5%5.jpg", "label": [1, 0]}, {"image": "5%6.jpg", "label": [1, 0]}, {"image": "5%7.jpg", "label": [1, 0]}, {"image": "6%0.jpg", "label": [1, 0]}, {"image": "6%1.jpg", "label": [1, 0]}, {"image": "6%2.jpg", "label": [1, 0]}, {"image": "6%3.jpg", "label": [1, 0]}, {"image": "7.jpg", "label": [1, 0]}, {"image": "8.jpg", "label": [1, 0]}, {"image": "9.jpg", "label": [1, 0]}, {"image": "2020.03.22.20040782-p25-1542.png", "label": [0, 1]}, {"image": "2020.03.22.20040782-p25-1543.png", "label": [0, 1]}, {"image": "2020.03.22.20040782-p25-1544.png", "label": [0, 1]}, {"image": "2020.03.22.20040782-p25-1545.png", "label": [0, 1]}, {"image": "2020.03.22.20040782-p25-1546.png", "label": [0, 1]}, {"image": "2020.03.12.20034686-p17-91-1.png", "label": [0, 1]}, {"image": "2020.03.12.20034686-p17-91-2.png", "label": [0, 1]}, {"image": "2020.03.25.20037721-p27-172.png", "label": [0, 1]}, {"image": "2020.03.25.20037721-p27-173.png", "label": [0, 1]}, {"image": "2020.03.25.20037721-p27-174.png", "label": [0, 1]}, {"image": "2020.03.25.20037721-p27-181.png", "label": [0, 1]}, {"image": "2020.03.25.20037721-p27-182.png", "label": [0, 1]}, {"image": "2020.03.25.20037721-p27-165.png", "label": [0, 1]}, {"image": "2020.03.25.20043166-p17-78.png", "label": [0, 1]}, {"image": "2020.03.25.20043166-p17-79.png", "label": [0, 1]}, {"image": "2020.03.25.20043166-p17-80.png", "label": [0, 1]}, {"image": "2020.03.25.20043166-p17-81.png", "label": [0, 1]}, {"image": "2020.03.26.20041426-p11-119.png", "label": [0, 1]}, {"image": "2020.03.26.20041426-p11-120.png", "label": [0, 1]}, {"image": "2020.03.26.20041426-p11-121.png", "label": [0, 1]}, {"image": "2020.03.26.20041426-p11-122.png", "label": [0, 1]}, {"image": "2020.03.26.20041426-p11-123.png", "label": [0, 1]}, {"image": "2020.03.26.20041426-p11-124.png", "label": [0, 1]}, {"image": "2020.03.26.20041426-p11-125.png", "label": [0, 1]}, {"image": "2020.03.26.20041426-p11-126.png", "label": [0, 1]}, {"image": "2020.03.26.20041426-p11-127.png", "label": [0, 1]}, {"image": "2020.03.26.20041426-p11-128.png", "label": [0, 1]}, {"image": "2020.03.26.20041426-p11-130.png", "label": [0, 1]}, {"image": "2020.03.26.20041426-p11-131.png", "label": [0, 1]}, {"image": "2020.03.26.20041426-p11-132.png", "label": [0, 1]}, {"image": "2020.03.26.20041426-p11-133.png", "label": [0, 1]}, {"image": "2020.03.30.20047985-p9-56%0.png", "label": [0, 1]}, {"image": "2020.03.30.20047985-p9-56%1.png", "label": [0, 1]}, {"image": "2020.03.30.20047985-p9-56%2.png", "label": [0, 1]}, {"image": "2020.03.30.20047985-p9-56%3.png", "label": [0, 1]}, {"image": "2019-novel-Coronavirus-severe-adult-respiratory-dist_2020_International-Jour-p3-89%0.png", "label": [0, 1]}, {"image": "2019-novel-Coronavirus-severe-adult-respiratory-dist_2020_International-Jour-p3-89%1.png", "label": [0, 1]}, {"image": "2019-novel-Coronavirus-severe-adult-respiratory-dist_2020_International-Jour-p3-91.png", "label": [0, 1]}, {"image": "bmj.m606.full-p4-22%0.png", "label": [0, 1]}, {"image": "bmj.m606.full-p4-22%1.png", "label": [0, 1]}, {"image": "bmj.m606.full-p4-22%2.png", "label": [0, 1]}, {"image": "bmj.m606.full-p4-22%3.png", "label": [0, 1]}, {"image": "bmj.m606.full-p4-22%4.png", "label": [0, 1]}, {"image": "bmj.m606.full-p4-22%5.png", "label": [0, 1]}, {"image": "bmj.m606.full-p4-22%6.png", "label": [0, 1]}, {"image": "bmj.m606.full-p4-22%7.png", "label": [0, 1]}, {"image": "Comparison-of-different-samples-for-2019-novel-cor_2020_International-Journa-p2-21%0.png", "label": [0, 1]}, {"image": "Comparison-of-different-samples-for-2019-novel-cor_2020_International-Journa-p2-21%1.png", "label": [0, 1]}, {"image": "Comparison-of-different-samples-for-2019-novel-cor_2020_International-Journa-p2-21%2.png", "label": [0, 1]}, {"image": "Comparison-of-different-samples-for-2019-novel-cor_2020_International-Journa-p2-21%3.png", "label": [0, 1]}, {"image": "Comparison-of-different-samples-for-2019-novel-cor_2020_International-Journa-p2-21%4.png", "label": [0, 1]}, {"image": "Comparison-of-different-samples-for-2019-novel-cor_2020_International-Journa-p2-21%5.png", "label": [0, 1]}, {"image": "Comparison-of-different-samples-for-2019-novel-cor_2020_International-Journa-p2-21%6.png", "label": [0, 1]}, {"image": "Comparison-of-different-samples-for-2019-novel-cor_2020_International-Journa-p2-21%7.png", "label": [0, 1]}, {"image": "Comparison-of-different-samples-for-2019-novel-cor_2020_International-Journa-p2-21%8.png", "label": [0, 1]}, {"image": "Comparison-of-different-samples-for-2019-novel-cor_2020_International-Journa-p2-21%9.png", "label": [0, 1]}, {"image": "Comparison-of-different-samples-for-2019-novel-cor_2020_International-Journa-p2-21%10.png", "label": [0, 1]}, {"image": "Comparison-of-different-samples-for-2019-novel-cor_2020_International-Journa-p2-21%11.png", "label": [0, 1]}, {"image": "ehaa254-p0-63%2.png", "label": [0, 1]}, {"image": "ehaa254-p0-63%3.png", "label": [0, 1]}, {"image": "impact_of_covid19_infection_on_pregnancy_outcomes_and_the_risk_of_maternaltoneonatal_intrapartum_transmission_of_covid19_during_natural_birth-p8-41%1.png", "label": [0, 1]}, {"image": "impact_of_covid19_infection_on_pregnancy_outcomes_and_the_risk_of_maternaltoneonatal_intrapartum_transmission_of_covid19_during_natural_birth-p8-41%3.png", "label": [0, 1]}, {"image": "impact_of_covid19_infection_on_pregnancy_outcomes_and_the_risk_of_maternaltoneonatal_intrapartum_transmission_of_covid19_during_natural_birth-p8-41%5.png", "label": [0, 1]}, {"image": "kjr-21-e24-p2-8.png", "label": [0, 1]}, {"image": "kjr-21-e25-p1-6.png", "label": [0, 1]}, {"image": "kjr-21-e25-p1-8.png", "label": [0, 1]}, {"image": "kjr-21-e25-p1-10.png", "label": [0, 1]}, {"image": "kjr-21-e25-p1-12.png", "label": [0, 1]}, {"image": "kjr-21-e25-p1-14.png", "label": [0, 1]}, {"image": "med-9780198814924-chapter-17-p10-515.png", "label": [0, 1]}, {"image": "Ni2020_Article_CombinationOfWesternMedicineAn-p3-10%0.png", "label": [0, 1]}, {"image": "Ni2020_Article_CombinationOfWesternMedicineAn-p3-10%1.png", "label": [0, 1]}, {"image": "Ni2020_Article_CombinationOfWesternMedicineAn-p4-13%0.png", "label": [0, 1]}, {"image": "Ni2020_Article_CombinationOfWesternMedicineAn-p4-13%1.png", "label": [0, 1]}, {"image": "PIIS0140673620301549_0%0.png", "label": [0, 1]}, {"image": "PIIS0140673620301549_0%1.png", "label": [0, 1]}, {"image": "PIIS0140673620301549_1.png", "label": [0, 1]}, {"image": "PIIS0140673620301549_2.png", "label": [0, 1]}, {"image": "PIIS0140673620302117_1.png", "label": [0, 1]}, {"image": "PIIS0140673620302117_2.png", "label": [0, 1]}, {"image": "PIIS0140673620303603%0.png", "label": [0, 1]}, {"image": "PIIS0140673620303603%1.png", "label": [0, 1]}, {"image": "PIIS0140673620303603%2.png", "label": [0, 1]}, {"image": "PIIS0140673620303603%3.png", "label": [0, 1]}, {"image": "PIIS0140673620303603%4.png", "label": [0, 1]}, {"image": "PIIS0140673620303603%5.png", "label": [0, 1]}, {"image": "PIIS0140673620303603%6.png", "label": [0, 1]}, {"image": "PIIS0140673620303603%7.png", "label": [0, 1]}, {"image": "PIIS0140673620303603%8.png", "label": [0, 1]}, {"image": "Recurrence-of-positive-SARS-CoV-2-RNA-in-C_2020_International-Journal-of-Inf-p1-21%0.png", "label": [0, 1]}, {"image": "Recurrence-of-positive-SARS-CoV-2-RNA-in-C_2020_International-Journal-of-Inf-p1-21%1.png", "label": [0, 1]}, {"image": "Talaromyces-marneffei-infection-relapse-presenting-as-ost_2020_International-p1-12%0.png", "label": [0, 1]}, {"image": "Talaromyces-marneffei-infection-relapse-presenting-as-ost_2020_International-p1-12%1.png", "label": [0, 1]}, {"image": "Talaromyces-marneffei-infection-relapse-presenting-as-ost_2020_International-p1-12%2.png", "label": [0, 1]}, {"image": "Talaromyces-marneffei-infection-relapse-presenting-as-ost_2020_International-p1-12%3.png", "label": [0, 1]}, {"image": "kjr-21-e24-p3-16.png", "label": [0, 1]}, {"image": "kjr-21-e24-p5-29.png", "label": [0, 1]}, {"image": "kjr-21-e24-p5-31.png", "label": [0, 1]}]}